sku,product_name,category,fabric,color,size,price_inr,special_offer,product_details
VAS-WOM-001,Banarasi Katan Silk Saree in Maroon,Women Ethnic - Saree,Pure Silk,Maroon,"XS, S, M, L, XL","6,197",Free Fall Piko & Unstitched Blouse Piece,"Fabric: Pure Silk | Color: Maroon | Available Sizes: XS, S, M, L, XL | Price: INR 6,197 | Offer: Free Fall Piko & Unstitched Blouse Piece | Delivery: 3-5 Business Days"
VAS-WOM-002,Banarasi Katan Silk Saree in Pastel Pink,Women Ethnic - Saree,Pure Silk,Pastel Pink,"XS, S, M, L, XL","14,823",Free Fall Piko & Unstitched Blouse Piece,"Fabric: Pure Silk | Color: Pastel Pink | Available Sizes: XS, S, M, L, XL | Price: INR 14,823 | Offer: Free Fall Piko & Unstitched Blouse Piece | Delivery: 3-5 Business Days"
VAS-WOM-003,Banarasi Katan Silk Saree in Emerald Green,Women Ethnic - Saree,Pure Silk,Emerald Green,"S, M, L, XL, XXL, 3XL","12,016",Free Fall Piko & Unstitched Blouse Piece,"Fabric: Pure Silk | Color: Emerald Green | Available Sizes: S, M, L, XL, XXL, 3XL | Price: INR 12,016 | Offer: Free Fall Piko & Unstitched Blouse Piece | Delivery: 3-5 Business Days"
VAS-WOM-004,Banarasi Katan Silk Saree in Royal Blue,Women Ethnic - Saree,Pure Silk,Royal Blue,Free Size (Semi-Stitched),"3,854",Free Fall Piko & Unstitched Blouse Piece,"Fabric: Pure Silk | Color: Royal Blue | Available Sizes: Free Size (Semi-Stitched) | Price: INR 3,854 | Offer: Free Fall Piko & Unstitched Blouse Piece | Delivery: 3-5 Business Days"
VAS-WOM-005,Banarasi Katan Silk Saree in Mustard Yellow,Women Ethnic - Saree,Pure Silk,Mustard Yellow,"XS, S, M, L, XL","14,451",Free Fall Piko & Unstitched Blouse Piece,"Fabric: Pure Silk | Color: Mustard Yellow | Available Sizes: XS, S, M, L, XL | Price: INR 14,451 | Offer: Free Fall Piko & Unstitched Blouse Piece | Delivery: 3-5 Business Days"
VAS-WOM-006,Banarasi Katan Silk Saree in Ivory White,Women Ethnic - Saree,Pure Silk,Ivory White,"XS, S, M, L, XL","14,047",Free Fall Piko & Unstitched Blouse Piece,"Fabric: Pure Silk | Color: Ivory White | Available Sizes: XS, S, M, L, XL | Price: INR 14,047 | Offer: Free Fall Piko & Unstitched Blouse Piece | Delivery: 3-5 Business Days"
VAS-WOM-007,Banarasi Katan Silk Saree in Wine Burgundy,Women Ethnic - Saree,Pure Silk,Wine Burgundy,Custom Tailored Available,"6,491",Free Fall Piko & Unstitched Blouse Piece,"Fabric: Pure Silk | Color: Wine Burgundy | Available Sizes: Custom Tailored Available | Price: INR 6,491 | Offer: Free Fall Piko & Unstitched Blouse Piece | Delivery: 3-5 Business Days"
VAS-WOM-008,Banarasi Katan Silk Saree in Teal Green,Women Ethnic - Saree,Pure Silk,Teal Green,Free Size (Semi-Stitched),"9,442",Free Fall Piko & Unstitched Blouse Piece,"Fabric: Pure Silk | Color: Teal Green | Available Sizes: Free Size (Semi-Stitched) | Price: INR 9,442 | Offer: Free Fall Piko & Unstitched Blouse Piece | Delivery: 3-5 Business Days"
VAS-WOM-009,Banarasi Katan Silk Saree in Gold Metallic,Women Ethnic - Saree,Pure Silk,Gold Metallic,"XS, S, M, L, XL","13,371",Free Fall Piko & Unstitched Blouse Piece,"Fabric: Pure Silk | Color: Gold Metallic | Available Sizes: XS, S, M, L, XL | Price: INR 13,371 | Offer: Free Fall Piko & Unstitched Blouse Piece | Delivery: 3-5 Business Days"
VAS-WOM-010,Banarasi Katan Silk Saree in Navy Blue,Women Ethnic - Saree,Pure Silk,Navy Blue,Free Size (Semi-Stitched),"7,464",Free Fall Piko & Unstitched Blouse Piece,"Fabric: Pure Silk | Color: Navy Blue | Available Sizes: Free Size (Semi-Stitched) | Price: INR 7,464 | Offer: Free Fall Piko & Unstitched Blouse Piece | Delivery: 3-5 Business Days"
VAS-WOM-011,Kanjivaram Bridal Silk Saree in Maroon,Women Ethnic - Saree,Zari Silk,Maroon,"XS, S, M, L, XL","17,039",Free Fall Piko & Unstitched Blouse Piece,"Fabric: Zari Silk | Color: Maroon | Available Sizes: XS, S, M, L, XL | Price: INR 17,039 | Offer: Free Fall Piko & Unstitched Blouse Piece | Delivery: 3-5 Business Days"
VAS-WOM-012,Kanjivaram Bridal Silk Saree in Pastel Pink,Women Ethnic - Saree,Zari Silk,Pastel Pink,"XS, S, M, L, XL","11,959",Free Fall Piko & Unstitched Blouse Piece,"Fabric: Zari Silk | Color: Pastel Pink | Available Sizes: XS, S, M, L, XL | Price: INR 11,959 | Offer: Free Fall Piko & Unstitched Blouse Piece | Delivery: 3-5 Business Days"
VAS-WOM-013,Kanjivaram Bridal Silk Saree in Emerald Green,Women Ethnic - Saree,Zari Silk,Emerald Green,"S, M, L, XL, XXL, 3XL","8,104",Free Fall Piko & Unstitched Blouse Piece,"Fabric: Zari Silk | Color: Emerald Green | Available Sizes: S, M, L, XL, XXL, 3XL | Price: INR 8,104 | Offer: Free Fall Piko & Unstitched Blouse Piece | Delivery: 3-5 Business Days"
VAS-WOM-014,Kanjivaram Bridal Silk Saree in Royal Blue,Women Ethnic - Saree,Zari Silk,Royal Blue,"S, M, L, XL, XXL, 3XL","13,604",Free Fall Piko & Unstitched Blouse Piece,"Fabric: Zari Silk | Color: Royal Blue | Available Sizes: S, M, L, XL, XXL, 3XL | Price: INR 13,604 | Offer: Free Fall Piko & Unstitched Blouse Piece | Delivery: 3-5 Business Days"
VAS-WOM-015,Kanjivaram Bridal Silk Saree in Mustard Yellow,Women Ethnic - Saree,Zari Silk,Mustard Yellow,"M, L, XL, XXL","6,822",Free Fall Piko & Unstitched Blouse Piece,"Fabric: Zari Silk | Color: Mustard Yellow | Available Sizes: M, L, XL, XXL | Price: INR 6,822 | Offer: Free Fall Piko & Unstitched Blouse Piece | Delivery: 3-5 Business Days"
VAS-WOM-016,Kanjivaram Bridal Silk Saree in Ivory White,Women Ethnic - Saree,Zari Silk,Ivory White,"XS, S, M, L, XL","19,680",Free Fall Piko & Unstitched Blouse Piece,"Fabric: Zari Silk | Color: Ivory White | Available Sizes: XS, S, M, L, XL | Price: INR 19,680 | Offer: Free Fall Piko & Unstitched Blouse Piece | Delivery: 3-5 Business Days"
VAS-WOM-017,Kanjivaram Bridal Silk Saree in Wine Burgundy,Women Ethnic - Saree,Zari Silk,Wine Burgundy,"M, L, XL, XXL","13,276",Free Fall Piko & Unstitched Blouse Piece,"Fabric: Zari Silk | Color: Wine Burgundy | Available Sizes: M, L, XL, XXL | Price: INR 13,276 | Offer: Free Fall Piko & Unstitched Blouse Piece | Delivery: 3-5 Business Days"
VAS-WOM-018,Kanjivaram Bridal Silk Saree in Teal Green,Women Ethnic - Saree,Zari Silk,Teal Green,"S, M, L, XL, XXL, 3XL","18,009",Free Fall Piko & Unstitched Blouse Piece,"Fabric: Zari Silk | Color: Teal Green | Available Sizes: S, M, L, XL, XXL, 3XL | Price: INR 18,009 | Offer: Free Fall Piko & Unstitched Blouse Piece | Delivery: 3-5 Business Days"
VAS-WOM-019,Kanjivaram Bridal Silk Saree in Gold Metallic,Women Ethnic - Saree,Zari Silk,Gold Metallic,"XS, S, M, L, XL","18,695",Free Fall Piko & Unstitched Blouse Piece,"Fabric: Zari Silk | Color: Gold Metallic | Available Sizes: XS, S, M, L, XL | Price: INR 18,695 | Offer: Free Fall Piko & Unstitched Blouse Piece | Delivery: 3-5 Business Days"
VAS-WOM-020,Kanjivaram Bridal Silk Saree in Navy Blue,Women Ethnic - Saree,Zari Silk,Navy Blue,"S, M, L, XL, XXL, 3XL","8,454",Free Fall Piko & Unstitched Blouse Piece,"Fabric: Zari Silk | Color: Navy Blue | Available Sizes: S, M, L, XL, XXL, 3XL | Price: INR 8,454 | Offer: Free Fall Piko & Unstitched Blouse Piece | Delivery: 3-5 Business Days"
VAS-WOM-021,Chanderi Handloom Saree in Maroon,Women Ethnic - Saree,Chanderi Cotton Silk,Maroon,"S, M, L, XL, XXL, 3XL","5,587",Free Fall Piko & Unstitched Blouse Piece,"Fabric: Chanderi Cotton Silk | Color: Maroon | Available Sizes: S, M, L, XL, XXL, 3XL | Price: INR 5,587 | Offer: Free Fall Piko & Unstitched Blouse Piece | Delivery: 3-5 Business Days"
VAS-WOM-022,Chanderi Handloom Saree in Pastel Pink,Women Ethnic - Saree,Chanderi Cotton Silk,Pastel Pink,"XS, S, M, L, XL","2,262",Free Fall Piko & Unstitched Blouse Piece,"Fabric: Chanderi Cotton Silk | Color: Pastel Pink | Available Sizes: XS, S, M, L, XL | Price: INR 2,262 | Offer: Free Fall Piko & Unstitched Blouse Piece | Delivery: 3-5 Business Days"
VAS-WOM-023,Chanderi Handloom Saree in Emerald Green,Women Ethnic - Saree,Chanderi Cotton Silk,Emerald Green,Free Size (Semi-Stitched),"6,739",Free Fall Piko & Unstitched Blouse Piece,"Fabric: Chanderi Cotton Silk | Color: Emerald Green | Available Sizes: Free Size (Semi-Stitched) | Price: INR 6,739 | Offer: Free Fall Piko & Unstitched Blouse Piece | Delivery: 3-5 Business Days"
VAS-WOM-024,Chanderi Handloom Saree in Royal Blue,Women Ethnic - Saree,Chanderi Cotton Silk,Royal Blue,Free Size (Semi-Stitched),"5,069",Free Fall Piko & Unstitched Blouse Piece,"Fabric: Chanderi Cotton Silk | Color: Royal Blue | Available Sizes: Free Size (Semi-Stitched) | Price: INR 5,069 | Offer: Free Fall Piko & Unstitched Blouse Piece | Delivery: 3-5 Business Days"
VAS-WOM-025,Chanderi Handloom Saree in Mustard Yellow,Women Ethnic - Saree,Chanderi Cotton Silk,Mustard Yellow,Free Size (Semi-Stitched),"4,006",Free Fall Piko & Unstitched Blouse Piece,"Fabric: Chanderi Cotton Silk | Color: Mustard Yellow | Available Sizes: Free Size (Semi-Stitched) | Price: INR 4,006 | Offer: Free Fall Piko & Unstitched Blouse Piece | Delivery: 3-5 Business Days"
VAS-WOM-026,Chanderi Handloom Saree in Ivory White,Women Ethnic - Saree,Chanderi Cotton Silk,Ivory White,"M, L, XL, XXL","2,578",Free Fall Piko & Unstitched Blouse Piece,"Fabric: Chanderi Cotton Silk | Color: Ivory White | Available Sizes: M, L, XL, XXL | Price: INR 2,578 | Offer: Free Fall Piko & Unstitched Blouse Piece | Delivery: 3-5 Business Days"
VAS-WOM-027,Chanderi Handloom Saree in Wine Burgundy,Women Ethnic - Saree,Chanderi Cotton Silk,Wine Burgundy,"XS, S, M, L, XL","3,137",Free Fall Piko & Unstitched Blouse Piece,"Fabric: Chanderi Cotton Silk | Color: Wine Burgundy | Available Sizes: XS, S, M, L, XL | Price: INR 3,137 | Offer: Free Fall Piko & Unstitched Blouse Piece | Delivery: 3-5 Business Days"
VAS-WOM-028,Chanderi Handloom Saree in Teal Green,Women Ethnic - Saree,Chanderi Cotton Silk,Teal Green,Custom Tailored Available,"7,025",Free Fall Piko & Unstitched Blouse Piece,"Fabric: Chanderi Cotton Silk | Color: Teal Green | Available Sizes: Custom Tailored Available | Price: INR 7,025 | Offer: Free Fall Piko & Unstitched Blouse Piece | Delivery: 3-5 Business Days"
VAS-WOM-029,Chanderi Handloom Saree in Gold Metallic,Women Ethnic - Saree,Chanderi Cotton Silk,Gold Metallic,"S, M, L, XL, XXL, 3XL","3,290",Free Fall Piko & Unstitched Blouse Piece,"Fabric: Chanderi Cotton Silk | Color: Gold Metallic | Available Sizes: S, M, L, XL, XXL, 3XL | Price: INR 3,290 | Offer: Free Fall Piko & Unstitched Blouse Piece | Delivery: 3-5 Business Days"
VAS-WOM-030,Chanderi Handloom Saree in Navy Blue,Women Ethnic - Saree,Chanderi Cotton Silk,Navy Blue,"M, L, XL, XXL","5,018",Free Fall Piko & Unstitched Blouse Piece,"Fabric: Chanderi Cotton Silk | Color: Navy Blue | Available Sizes: M, L, XL, XXL | Price: INR 5,018 | Offer: Free Fall Piko & Unstitched Blouse Piece | Delivery: 3-5 Business Days"
VAS-WOM-031,Pure Georgette Chikankari Saree in Maroon,Women Ethnic - Saree,Georgette,Maroon,"M, L, XL, XXL","4,619",Free Fall Piko & Unstitched Blouse Piece,"Fabric: Georgette | Color: Maroon | Available Sizes: M, L, XL, XXL | Price: INR 4,619 | Offer: Free Fall Piko & Unstitched Blouse Piece | Delivery: 3-5 Business Days"
VAS-WOM-032,Pure Georgette Chikankari Saree in Pastel Pink,Women Ethnic - Saree,Georgette,Pastel Pink,"XS, S, M, L, XL","7,929",Free Fall Piko & Unstitched Blouse Piece,"Fabric: Georgette | Color: Pastel Pink | Available Sizes: XS, S, M, L, XL | Price: INR 7,929 | Offer: Free Fall Piko & Unstitched Blouse Piece | Delivery: 3-5 Business Days"
VAS-WOM-033,Pure Georgette Chikankari Saree in Emerald Green,Women Ethnic - Saree,Georgette,Emerald Green,"M, L, XL, XXL","13,340",Free Fall Piko & Unstitched Blouse Piece,"Fabric: Georgette | Color: Emerald Green | Available Sizes: M, L, XL, XXL | Price: INR 13,340 | Offer: Free Fall Piko & Unstitched Blouse Piece | Delivery: 3-5 Business Days"
VAS-WOM-034,Pure Georgette Chikankari Saree in Royal Blue,Women Ethnic - Saree,Georgette,Royal Blue,"S, M, L, XL, XXL, 3XL","5,908",Free Fall Piko & Unstitched Blouse Piece,"Fabric: Georgette | Color: Royal Blue | Available Sizes: S, M, L, XL, XXL, 3XL | Price: INR 5,908 | Offer: Free Fall Piko & Unstitched Blouse Piece | Delivery: 3-5 Business Days"
VAS-WOM-035,Pure Georgette Chikankari Saree in Mustard Yellow,Women Ethnic - Saree,Georgette,Mustard Yellow,"S, M, L, XL, XXL, 3XL","13,050",Free Fall Piko & Unstitched Blouse Piece,"Fabric: Georgette | Color: Mustard Yellow | Available Sizes: S, M, L, XL, XXL, 3XL | Price: INR 13,050 | Offer: Free Fall Piko & Unstitched Blouse Piece | Delivery: 3-5 Business Days"
VAS-WOM-036,Pure Georgette Chikankari Saree in Ivory White,Women Ethnic - Saree,Georgette,Ivory White,"S, M, L, XL, XXL, 3XL","12,216",Free Fall Piko & Unstitched Blouse Piece,"Fabric: Georgette | Color: Ivory White | Available Sizes: S, M, L, XL, XXL, 3XL | Price: INR 12,216 | Offer: Free Fall Piko & Unstitched Blouse Piece | Delivery: 3-5 Business Days"
VAS-WOM-037,Pure Georgette Chikankari Saree in Wine Burgundy,Women Ethnic - Saree,Georgette,Wine Burgundy,"XS, S, M, L, XL","9,805",Free Fall Piko & Unstitched Blouse Piece,"Fabric: Georgette | Color: Wine Burgundy | Available Sizes: XS, S, M, L, XL | Price: INR 9,805 | Offer: Free Fall Piko & Unstitched Blouse Piece | Delivery: 3-5 Business Days"
VAS-WOM-038,Pure Georgette Chikankari Saree in Teal Green,Women Ethnic - Saree,Georgette,Teal Green,"S, M, L, XL, XXL, 3XL","4,862",Free Fall Piko & Unstitched Blouse Piece,"Fabric: Georgette | Color: Teal Green | Available Sizes: S, M, L, XL, XXL, 3XL | Price: INR 4,862 | Offer: Free Fall Piko & Unstitched Blouse Piece | Delivery: 3-5 Business Days"
VAS-WOM-039,Pure Georgette Chikankari Saree in Gold Metallic,Women Ethnic - Saree,Georgette,Gold Metallic,Free Size (Semi-Stitched),"8,578",Free Fall Piko & Unstitched Blouse Piece,"Fabric: Georgette | Color: Gold Metallic | Available Sizes: Free Size (Semi-Stitched) | Price: INR 8,578 | Offer: Free Fall Piko & Unstitched Blouse Piece | Delivery: 3-5 Business Days"
VAS-WOM-040,Pure Georgette Chikankari Saree in Navy Blue,Women Ethnic - Saree,Georgette,Navy Blue,"S, M, L, XL, XXL, 3XL","7,229",Free Fall Piko & Unstitched Blouse Piece,"Fabric: Georgette | Color: Navy Blue | Available Sizes: S, M, L, XL, XXL, 3XL | Price: INR 7,229 | Offer: Free Fall Piko & Unstitched Blouse Piece | Delivery: 3-5 Business Days"
VAS-WOM-041,Organza Floral Embroidered Saree in Maroon,Women Ethnic - Saree,Organza,Maroon,Custom Tailored Available,"6,491",Free Fall Piko & Unstitched Blouse Piece,"Fabric: Organza | Color: Maroon | Available Sizes: Custom Tailored Available | Price: INR 6,491 | Offer: Free Fall Piko & Unstitched Blouse Piece | Delivery: 3-5 Business Days"
VAS-WOM-042,Organza Floral Embroidered Saree in Pastel Pink,Women Ethnic - Saree,Organza,Pastel Pink,"XS, S, M, L, XL","3,083",Free Fall Piko & Unstitched Blouse Piece,"Fabric: Organza | Color: Pastel Pink | Available Sizes: XS, S, M, L, XL | Price: INR 3,083 | Offer: Free Fall Piko & Unstitched Blouse Piece | Delivery: 3-5 Business Days"
VAS-WOM-043,Organza Floral Embroidered Saree in Emerald Green,Women Ethnic - Saree,Organza,Emerald Green,Free Size (Semi-Stitched),"8,292",Free Fall Piko & Unstitched Blouse Piece,"Fabric: Organza | Color: Emerald Green | Available Sizes: Free Size (Semi-Stitched) | Price: INR 8,292 | Offer: Free Fall Piko & Unstitched Blouse Piece | Delivery: 3-5 Business Days"
VAS-WOM-044,Organza Floral Embroidered Saree in Royal Blue,Women Ethnic - Saree,Organza,Royal Blue,Free Size (Semi-Stitched),"3,770",Free Fall Piko & Unstitched Blouse Piece,"Fabric: Organza | Color: Royal Blue | Available Sizes: Free Size (Semi-Stitched) | Price: INR 3,770 | Offer: Free Fall Piko & Unstitched Blouse Piece | Delivery: 3-5 Business Days"
VAS-WOM-045,Organza Floral Embroidered Saree in Mustard Yellow,Women Ethnic - Saree,Organza,Mustard Yellow,Free Size (Semi-Stitched),"7,667",Free Fall Piko & Unstitched Blouse Piece,"Fabric: Organza | Color: Mustard Yellow | Available Sizes: Free Size (Semi-Stitched) | Price: INR 7,667 | Offer: Free Fall Piko & Unstitched Blouse Piece | Delivery: 3-5 Business Days"
VAS-WOM-046,Organza Floral Embroidered Saree in Ivory White,Women Ethnic - Saree,Organza,Ivory White,"XS, S, M, L, XL","3,485",Free Fall Piko & Unstitched Blouse Piece,"Fabric: Organza | Color: Ivory White | Available Sizes: XS, S, M, L, XL | Price: INR 3,485 | Offer: Free Fall Piko & Unstitched Blouse Piece | Delivery: 3-5 Business Days"
VAS-WOM-047,Organza Floral Embroidered Saree in Wine Burgundy,Women Ethnic - Saree,Organza,Wine Burgundy,Free Size (Semi-Stitched),"9,349",Free Fall Piko & Unstitched Blouse Piece,"Fabric: Organza | Color: Wine Burgundy | Available Sizes: Free Size (Semi-Stitched) | Price: INR 9,349 | Offer: Free Fall Piko & Unstitched Blouse Piece | Delivery: 3-5 Business Days"
VAS-WOM-048,Organza Floral Embroidered Saree in Teal Green,Women Ethnic - Saree,Organza,Teal Green,"XS, S, M, L, XL","4,074",Free Fall Piko & Unstitched Blouse Piece,"Fabric: Organza | Color: Teal Green | Available Sizes: XS, S, M, L, XL | Price: INR 4,074 | Offer: Free Fall Piko & Unstitched Blouse Piece | Delivery: 3-5 Business Days"
VAS-WOM-049,Organza Floral Embroidered Saree in Gold Metallic,Women Ethnic - Saree,Organza,Gold Metallic,"S, M, L, XL, XXL, 3XL","2,904",Free Fall Piko & Unstitched Blouse Piece,"Fabric: Organza | Color: Gold Metallic | Available Sizes: S, M, L, XL, XXL, 3XL | Price: INR 2,904 | Offer: Free Fall Piko & Unstitched Blouse Piece | Delivery: 3-5 Business Days"
VAS-WOM-050,Organza Floral Embroidered Saree in Navy Blue,Women Ethnic - Saree,Organza,Navy Blue,"M, L, XL, XXL","5,551",Free Fall Piko & Unstitched Blouse Piece,"Fabric: Organza | Color: Navy Blue | Available Sizes: M, L, XL, XXL | Price: INR 5,551 | Offer: Free Fall Piko & Unstitched Blouse Piece | Delivery: 3-5 Business Days"
VAS-WOM-051,Bandhani Jaipuri Silk Saree in Maroon,Women Ethnic - Saree,Gaji Silk,Maroon,Free Size (Semi-Stitched),"3,621",Free Fall Piko & Unstitched Blouse Piece,"Fabric: Gaji Silk | Color: Maroon | Available Sizes: Free Size (Semi-Stitched) | Price: INR 3,621 | Offer: Free Fall Piko & Unstitched Blouse Piece | Delivery: 3-5 Business Days"
VAS-WOM-052,Bandhani Jaipuri Silk Saree in Pastel Pink,Women Ethnic - Saree,Gaji Silk,Pastel Pink,Custom Tailored Available,"4,753",Free Fall Piko & Unstitched Blouse Piece,"Fabric: Gaji Silk | Color: Pastel Pink | Available Sizes: Custom Tailored Available | Price: INR 4,753 | Offer: Free Fall Piko & Unstitched Blouse Piece | Delivery: 3-5 Business Days"
VAS-WOM-053,Bandhani Jaipuri Silk Saree in Emerald Green,Women Ethnic - Saree,Gaji Silk,Emerald Green,Free Size (Semi-Stitched),"5,306",Free Fall Piko & Unstitched Blouse Piece,"Fabric: Gaji Silk | Color: Emerald Green | Available Sizes: Free Size (Semi-Stitched) | Price: INR 5,306 | Offer: Free Fall Piko & Unstitched Blouse Piece | Delivery: 3-5 Business Days"
VAS-WOM-054,Bandhani Jaipuri Silk Saree in Royal Blue,Women Ethnic - Saree,Gaji Silk,Royal Blue,Custom Tailored Available,"5,048",Free Fall Piko & Unstitched Blouse Piece,"Fabric: Gaji Silk | Color: Royal Blue | Available Sizes: Custom Tailored Available | Price: INR 5,048 | Offer: Free Fall Piko & Unstitched Blouse Piece | Delivery: 3-5 Business Days"
VAS-WOM-055,Bandhani Jaipuri Silk Saree in Mustard Yellow,Women Ethnic - Saree,Gaji Silk,Mustard Yellow,Custom Tailored Available,"3,025",Free Fall Piko & Unstitched Blouse Piece,"Fabric: Gaji Silk | Color: Mustard Yellow | Available Sizes: Custom Tailored Available | Price: INR 3,025 | Offer: Free Fall Piko & Unstitched Blouse Piece | Delivery: 3-5 Business Days"
VAS-WOM-056,Bandhani Jaipuri Silk Saree in Ivory White,Women Ethnic - Saree,Gaji Silk,Ivory White,Free Size (Semi-Stitched),"4,698",Free Fall Piko & Unstitched Blouse Piece,"Fabric: Gaji Silk | Color: Ivory White | Available Sizes: Free Size (Semi-Stitched) | Price: INR 4,698 | Offer: Free Fall Piko & Unstitched Blouse Piece | Delivery: 3-5 Business Days"
VAS-WOM-057,Bandhani Jaipuri Silk Saree in Wine Burgundy,Women Ethnic - Saree,Gaji Silk,Wine Burgundy,"M, L, XL, XXL","4,567",Free Fall Piko & Unstitched Blouse Piece,"Fabric: Gaji Silk | Color: Wine Burgundy | Available Sizes: M, L, XL, XXL | Price: INR 4,567 | Offer: Free Fall Piko & Unstitched Blouse Piece | Delivery: 3-5 Business Days"
VAS-WOM-058,Bandhani Jaipuri Silk Saree in Teal Green,Women Ethnic - Saree,Gaji Silk,Teal Green,"XS, S, M, L, XL","4,278",Free Fall Piko & Unstitched Blouse Piece,"Fabric: Gaji Silk | Color: Teal Green | Available Sizes: XS, S, M, L, XL | Price: INR 4,278 | Offer: Free Fall Piko & Unstitched Blouse Piece | Delivery: 3-5 Business Days"
VAS-WOM-059,Bandhani Jaipuri Silk Saree in Gold Metallic,Women Ethnic - Saree,Gaji Silk,Gold Metallic,Free Size (Semi-Stitched),"2,677",Free Fall Piko & Unstitched Blouse Piece,"Fabric: Gaji Silk | Color: Gold Metallic | Available Sizes: Free Size (Semi-Stitched) | Price: INR 2,677 | Offer: Free Fall Piko & Unstitched Blouse Piece | Delivery: 3-5 Business Days"
VAS-WOM-060,Bandhani Jaipuri Silk Saree in Navy Blue,Women Ethnic - Saree,Gaji Silk,Navy Blue,Custom Tailored Available,"4,714",Free Fall Piko & Unstitched Blouse Piece,"Fabric: Gaji Silk | Color: Navy Blue | Available Sizes: Custom Tailored Available | Price: INR 4,714 | Offer: Free Fall Piko & Unstitched Blouse Piece | Delivery: 3-5 Business Days"
VAS-WOM-061,Paithani Gold Zari Saree in Maroon,Women Ethnic - Saree,Paithani Silk,Maroon,"S, M, L, XL, XXL, 3XL","17,594",Free Fall Piko & Unstitched Blouse Piece,"Fabric: Paithani Silk | Color: Maroon | Available Sizes: S, M, L, XL, XXL, 3XL | Price: INR 17,594 | Offer: Free Fall Piko & Unstitched Blouse Piece | Delivery: 3-5 Business Days"
VAS-WOM-062,Paithani Gold Zari Saree in Pastel Pink,Women Ethnic - Saree,Paithani Silk,Pastel Pink,"M, L, XL, XXL","18,791",Free Fall Piko & Unstitched Blouse Piece,"Fabric: Paithani Silk | Color: Pastel Pink | Available Sizes: M, L, XL, XXL | Price: INR 18,791 | Offer: Free Fall Piko & Unstitched Blouse Piece | Delivery: 3-5 Business Days"
VAS-WOM-063,Paithani Gold Zari Saree in Emerald Green,Women Ethnic - Saree,Paithani Silk,Emerald Green,"M, L, XL, XXL","22,164",Free Fall Piko & Unstitched Blouse Piece,"Fabric: Paithani Silk | Color: Emerald Green | Available Sizes: M, L, XL, XXL | Price: INR 22,164 | Offer: Free Fall Piko & Unstitched Blouse Piece | Delivery: 3-5 Business Days"
VAS-WOM-064,Paithani Gold Zari Saree in Royal Blue,Women Ethnic - Saree,Paithani Silk,Royal Blue,Free Size (Semi-Stitched),"11,355",Free Fall Piko & Unstitched Blouse Piece,"Fabric: Paithani Silk | Color: Royal Blue | Available Sizes: Free Size (Semi-Stitched) | Price: INR 11,355 | Offer: Free Fall Piko & Unstitched Blouse Piece | Delivery: 3-5 Business Days"
VAS-WOM-065,Paithani Gold Zari Saree in Mustard Yellow,Women Ethnic - Saree,Paithani Silk,Mustard Yellow,Custom Tailored Available,"13,035",Free Fall Piko & Unstitched Blouse Piece,"Fabric: Paithani Silk | Color: Mustard Yellow | Available Sizes: Custom Tailored Available | Price: INR 13,035 | Offer: Free Fall Piko & Unstitched Blouse Piece | Delivery: 3-5 Business Days"
VAS-WOM-066,Paithani Gold Zari Saree in Ivory White,Women Ethnic - Saree,Paithani Silk,Ivory White,"M, L, XL, XXL","11,357",Free Fall Piko & Unstitched Blouse Piece,"Fabric: Paithani Silk | Color: Ivory White | Available Sizes: M, L, XL, XXL | Price: INR 11,357 | Offer: Free Fall Piko & Unstitched Blouse Piece | Delivery: 3-5 Business Days"
VAS-WOM-067,Paithani Gold Zari Saree in Wine Burgundy,Women Ethnic - Saree,Paithani Silk,Wine Burgundy,"XS, S, M, L, XL","20,006",Free Fall Piko & Unstitched Blouse Piece,"Fabric: Paithani Silk | Color: Wine Burgundy | Available Sizes: XS, S, M, L, XL | Price: INR 20,006 | Offer: Free Fall Piko & Unstitched Blouse Piece | Delivery: 3-5 Business Days"
VAS-WOM-068,Paithani Gold Zari Saree in Teal Green,Women Ethnic - Saree,Paithani Silk,Teal Green,Free Size (Semi-Stitched),"6,828",Free Fall Piko & Unstitched Blouse Piece,"Fabric: Paithani Silk | Color: Teal Green | Available Sizes: Free Size (Semi-Stitched) | Price: INR 6,828 | Offer: Free Fall Piko & Unstitched Blouse Piece | Delivery: 3-5 Business Days"
VAS-WOM-069,Paithani Gold Zari Saree in Gold Metallic,Women Ethnic - Saree,Paithani Silk,Gold Metallic,"S, M, L, XL, XXL, 3XL","15,278",Free Fall Piko & Unstitched Blouse Piece,"Fabric: Paithani Silk | Color: Gold Metallic | Available Sizes: S, M, L, XL, XXL, 3XL | Price: INR 15,278 | Offer: Free Fall Piko & Unstitched Blouse Piece | Delivery: 3-5 Business Days"
VAS-WOM-070,Paithani Gold Zari Saree in Navy Blue,Women Ethnic - Saree,Paithani Silk,Navy Blue,"XS, S, M, L, XL","10,380",Free Fall Piko & Unstitched Blouse Piece,"Fabric: Paithani Silk | Color: Navy Blue | Available Sizes: XS, S, M, L, XL | Price: INR 10,380 | Offer: Free Fall Piko & Unstitched Blouse Piece | Delivery: 3-5 Business Days"
VAS-WOM-071,Tussar Silk Festive Saree in Maroon,Women Ethnic - Saree,Tussar,Maroon,Free Size (Semi-Stitched),"10,031",Free Fall Piko & Unstitched Blouse Piece,"Fabric: Tussar | Color: Maroon | Available Sizes: Free Size (Semi-Stitched) | Price: INR 10,031 | Offer: Free Fall Piko & Unstitched Blouse Piece | Delivery: 3-5 Business Days"
VAS-WOM-072,Tussar Silk Festive Saree in Pastel Pink,Women Ethnic - Saree,Tussar,Pastel Pink,"S, M, L, XL, XXL, 3XL","5,491",Free Fall Piko & Unstitched Blouse Piece,"Fabric: Tussar | Color: Pastel Pink | Available Sizes: S, M, L, XL, XXL, 3XL | Price: INR 5,491 | Offer: Free Fall Piko & Unstitched Blouse Piece | Delivery: 3-5 Business Days"
VAS-WOM-073,Tussar Silk Festive Saree in Emerald Green,Women Ethnic - Saree,Tussar,Emerald Green,"S, M, L, XL, XXL, 3XL","8,967",Free Fall Piko & Unstitched Blouse Piece,"Fabric: Tussar | Color: Emerald Green | Available Sizes: S, M, L, XL, XXL, 3XL | Price: INR 8,967 | Offer: Free Fall Piko & Unstitched Blouse Piece | Delivery: 3-5 Business Days"
VAS-WOM-074,Tussar Silk Festive Saree in Royal Blue,Women Ethnic - Saree,Tussar,Royal Blue,"XS, S, M, L, XL","3,321",Free Fall Piko & Unstitched Blouse Piece,"Fabric: Tussar | Color: Royal Blue | Available Sizes: XS, S, M, L, XL | Price: INR 3,321 | Offer: Free Fall Piko & Unstitched Blouse Piece | Delivery: 3-5 Business Days"
VAS-WOM-075,Tussar Silk Festive Saree in Mustard Yellow,Women Ethnic - Saree,Tussar,Mustard Yellow,"S, M, L, XL, XXL, 3XL","6,025",Free Fall Piko & Unstitched Blouse Piece,"Fabric: Tussar | Color: Mustard Yellow | Available Sizes: S, M, L, XL, XXL, 3XL | Price: INR 6,025 | Offer: Free Fall Piko & Unstitched Blouse Piece | Delivery: 3-5 Business Days"
VAS-WOM-076,Tussar Silk Festive Saree in Ivory White,Women Ethnic - Saree,Tussar,Ivory White,Free Size (Semi-Stitched),"9,713",Free Fall Piko & Unstitched Blouse Piece,"Fabric: Tussar | Color: Ivory White | Available Sizes: Free Size (Semi-Stitched) | Price: INR 9,713 | Offer: Free Fall Piko & Unstitched Blouse Piece | Delivery: 3-5 Business Days"
VAS-WOM-077,Tussar Silk Festive Saree in Wine Burgundy,Women Ethnic - Saree,Tussar,Wine Burgundy,Free Size (Semi-Stitched),"9,950",Free Fall Piko & Unstitched Blouse Piece,"Fabric: Tussar | Color: Wine Burgundy | Available Sizes: Free Size (Semi-Stitched) | Price: INR 9,950 | Offer: Free Fall Piko & Unstitched Blouse Piece | Delivery: 3-5 Business Days"
VAS-WOM-078,Tussar Silk Festive Saree in Teal Green,Women Ethnic - Saree,Tussar,Teal Green,"XS, S, M, L, XL","6,864",Free Fall Piko & Unstitched Blouse Piece,"Fabric: Tussar | Color: Teal Green | Available Sizes: XS, S, M, L, XL | Price: INR 6,864 | Offer: Free Fall Piko & Unstitched Blouse Piece | Delivery: 3-5 Business Days"
VAS-WOM-079,Tussar Silk Festive Saree in Gold Metallic,Women Ethnic - Saree,Tussar,Gold Metallic,"M, L, XL, XXL","10,695",Free Fall Piko & Unstitched Blouse Piece,"Fabric: Tussar | Color: Gold Metallic | Available Sizes: M, L, XL, XXL | Price: INR 10,695 | Offer: Free Fall Piko & Unstitched Blouse Piece | Delivery: 3-5 Business Days"
VAS-WOM-080,Tussar Silk Festive Saree in Navy Blue,Women Ethnic - Saree,Tussar,Navy Blue,"XS, S, M, L, XL","8,697",Free Fall Piko & Unstitched Blouse Piece,"Fabric: Tussar | Color: Navy Blue | Available Sizes: XS, S, M, L, XL | Price: INR 8,697 | Offer: Free Fall Piko & Unstitched Blouse Piece | Delivery: 3-5 Business Days"
VAS-WOM-081,Bridal Velvet Heavy Zardozi Lehenga in Maroon,Women Ethnic - Lehenga,Royal Velvet,Maroon,"M, L, XL, XXL","36,107",Flat 15% Festive Discount + Free Latkan,"Fabric: Royal Velvet | Color: Maroon | Available Sizes: M, L, XL, XXL | Price: INR 36,107 | Offer: Flat 15% Festive Discount + Free Latkan | Delivery: 3-5 Business Days"
VAS-WOM-082,Bridal Velvet Heavy Zardozi Lehenga in Pastel Pink,Women Ethnic - Lehenga,Royal Velvet,Pastel Pink,"M, L, XL, XXL","19,655",Flat 15% Festive Discount + Free Latkan,"Fabric: Royal Velvet | Color: Pastel Pink | Available Sizes: M, L, XL, XXL | Price: INR 19,655 | Offer: Flat 15% Festive Discount + Free Latkan | Delivery: 3-5 Business Days"
VAS-WOM-083,Bridal Velvet Heavy Zardozi Lehenga in Emerald Green,Women Ethnic - Lehenga,Royal Velvet,Emerald Green,"M, L, XL, XXL","46,377",Flat 15% Festive Discount + Free Latkan,"Fabric: Royal Velvet | Color: Emerald Green | Available Sizes: M, L, XL, XXL | Price: INR 46,377 | Offer: Flat 15% Festive Discount + Free Latkan | Delivery: 3-5 Business Days"
VAS-WOM-084,Bridal Velvet Heavy Zardozi Lehenga in Royal Blue,Women Ethnic - Lehenga,Royal Velvet,Royal Blue,Free Size (Semi-Stitched),"26,993",Flat 15% Festive Discount + Free Latkan,"Fabric: Royal Velvet | Color: Royal Blue | Available Sizes: Free Size (Semi-Stitched) | Price: INR 26,993 | Offer: Flat 15% Festive Discount + Free Latkan | Delivery: 3-5 Business Days"
VAS-WOM-085,Bridal Velvet Heavy Zardozi Lehenga in Mustard Yellow,Women Ethnic - Lehenga,Royal Velvet,Mustard Yellow,"XS, S, M, L, XL","25,290",Flat 15% Festive Discount + Free Latkan,"Fabric: Royal Velvet | Color: Mustard Yellow | Available Sizes: XS, S, M, L, XL | Price: INR 25,290 | Offer: Flat 15% Festive Discount + Free Latkan | Delivery: 3-5 Business Days"
VAS-WOM-086,Bridal Velvet Heavy Zardozi Lehenga in Ivory White,Women Ethnic - Lehenga,Royal Velvet,Ivory White,"S, M, L, XL, XXL, 3XL","28,121",Flat 15% Festive Discount + Free Latkan,"Fabric: Royal Velvet | Color: Ivory White | Available Sizes: S, M, L, XL, XXL, 3XL | Price: INR 28,121 | Offer: Flat 15% Festive Discount + Free Latkan | Delivery: 3-5 Business Days"
VAS-WOM-087,Bridal Velvet Heavy Zardozi Lehenga in Wine Burgundy,Women Ethnic - Lehenga,Royal Velvet,Wine Burgundy,"XS, S, M, L, XL","39,477",Flat 15% Festive Discount + Free Latkan,"Fabric: Royal Velvet | Color: Wine Burgundy | Available Sizes: XS, S, M, L, XL | Price: INR 39,477 | Offer: Flat 15% Festive Discount + Free Latkan | Delivery: 3-5 Business Days"
VAS-WOM-088,Bridal Velvet Heavy Zardozi Lehenga in Teal Green,Women Ethnic - Lehenga,Royal Velvet,Teal Green,Custom Tailored Available,"34,515",Flat 15% Festive Discount + Free Latkan,"Fabric: Royal Velvet | Color: Teal Green | Available Sizes: Custom Tailored Available | Price: INR 34,515 | Offer: Flat 15% Festive Discount + Free Latkan | Delivery: 3-5 Business Days"
VAS-WOM-089,Bridal Velvet Heavy Zardozi Lehenga in Gold Metallic,Women Ethnic - Lehenga,Royal Velvet,Gold Metallic,Custom Tailored Available,"21,751",Flat 15% Festive Discount + Free Latkan,"Fabric: Royal Velvet | Color: Gold Metallic | Available Sizes: Custom Tailored Available | Price: INR 21,751 | Offer: Flat 15% Festive Discount + Free Latkan | Delivery: 3-5 Business Days"
VAS-WOM-090,Bridal Velvet Heavy Zardozi Lehenga in Navy Blue,Women Ethnic - Lehenga,Royal Velvet,Navy Blue,Free Size (Semi-Stitched),"23,383",Flat 15% Festive Discount + Free Latkan,"Fabric: Royal Velvet | Color: Navy Blue | Available Sizes: Free Size (Semi-Stitched) | Price: INR 23,383 | Offer: Flat 15% Festive Discount + Free Latkan | Delivery: 3-5 Business Days"
VAS-WOM-091,Pastel Pink Georgette Sangeet Lehenga in Maroon,Women Ethnic - Lehenga,Georgette,Maroon,"XS, S, M, L, XL","12,059",Flat 15% Festive Discount + Free Latkan,"Fabric: Georgette | Color: Maroon | Available Sizes: XS, S, M, L, XL | Price: INR 12,059 | Offer: Flat 15% Festive Discount + Free Latkan | Delivery: 3-5 Business Days"
VAS-WOM-092,Pastel Pink Georgette Sangeet Lehenga in Pastel Pink,Women Ethnic - Lehenga,Georgette,Pastel Pink,"XS, S, M, L, XL","23,391",Flat 15% Festive Discount + Free Latkan,"Fabric: Georgette | Color: Pastel Pink | Available Sizes: XS, S, M, L, XL | Price: INR 23,391 | Offer: Flat 15% Festive Discount + Free Latkan | Delivery: 3-5 Business Days"
VAS-WOM-093,Pastel Pink Georgette Sangeet Lehenga in Emerald Green,Women Ethnic - Lehenga,Georgette,Emerald Green,Custom Tailored Available,"25,247",Flat 15% Festive Discount + Free Latkan,"Fabric: Georgette | Color: Emerald Green | Available Sizes: Custom Tailored Available | Price: INR 25,247 | Offer: Flat 15% Festive Discount + Free Latkan | Delivery: 3-5 Business Days"
VAS-WOM-094,Pastel Pink Georgette Sangeet Lehenga in Royal Blue,Women Ethnic - Lehenga,Georgette,Royal Blue,Free Size (Semi-Stitched),"25,447",Flat 15% Festive Discount + Free Latkan,"Fabric: Georgette | Color: Royal Blue | Available Sizes: Free Size (Semi-Stitched) | Price: INR 25,447 | Offer: Flat 15% Festive Discount + Free Latkan | Delivery: 3-5 Business Days"
VAS-WOM-095,Pastel Pink Georgette Sangeet Lehenga in Mustard Yellow,Women Ethnic - Lehenga,Georgette,Mustard Yellow,Free Size (Semi-Stitched),"29,273",Flat 15% Festive Discount + Free Latkan,"Fabric: Georgette | Color: Mustard Yellow | Available Sizes: Free Size (Semi-Stitched) | Price: INR 29,273 | Offer: Flat 15% Festive Discount + Free Latkan | Delivery: 3-5 Business Days"
VAS-WOM-096,Pastel Pink Georgette Sangeet Lehenga in Ivory White,Women Ethnic - Lehenga,Georgette,Ivory White,"XS, S, M, L, XL","20,757",Flat 15% Festive Discount + Free Latkan,"Fabric: Georgette | Color: Ivory White | Available Sizes: XS, S, M, L, XL | Price: INR 20,757 | Offer: Flat 15% Festive Discount + Free Latkan | Delivery: 3-5 Business Days"
VAS-WOM-097,Pastel Pink Georgette Sangeet Lehenga in Wine Burgundy,Women Ethnic - Lehenga,Georgette,Wine Burgundy,"S, M, L, XL, XXL, 3XL","17,394",Flat 15% Festive Discount + Free Latkan,"Fabric: Georgette | Color: Wine Burgundy | Available Sizes: S, M, L, XL, XXL, 3XL | Price: INR 17,394 | Offer: Flat 15% Festive Discount + Free Latkan | Delivery: 3-5 Business Days"
VAS-WOM-098,Pastel Pink Georgette Sangeet Lehenga in Teal Green,Women Ethnic - Lehenga,Georgette,Teal Green,"M, L, XL, XXL","12,469",Flat 15% Festive Discount + Free Latkan,"Fabric: Georgette | Color: Teal Green | Available Sizes: M, L, XL, XXL | Price: INR 12,469 | Offer: Flat 15% Festive Discount + Free Latkan | Delivery: 3-5 Business Days"
VAS-WOM-099,Pastel Pink Georgette Sangeet Lehenga in Gold Metallic,Women Ethnic - Lehenga,Georgette,Gold Metallic,"M, L, XL, XXL","26,836",Flat 15% Festive Discount + Free Latkan,"Fabric: Georgette | Color: Gold Metallic | Available Sizes: M, L, XL, XXL | Price: INR 26,836 | Offer: Flat 15% Festive Discount + Free Latkan | Delivery: 3-5 Business Days"
VAS-WOM-100,Pastel Pink Georgette Sangeet Lehenga in Navy Blue,Women Ethnic - Lehenga,Georgette,Navy Blue,"M, L, XL, XXL","28,204",Flat 15% Festive Discount + Free Latkan,"Fabric: Georgette | Color: Navy Blue | Available Sizes: M, L, XL, XXL | Price: INR 28,204 | Offer: Flat 15% Festive Discount + Free Latkan | Delivery: 3-5 Business Days"
VAS-WOM-101,Emerald Green Silk Reception Lehenga in Maroon,Women Ethnic - Lehenga,Raw Silk,Maroon,"XS, S, M, L, XL","28,394",Flat 15% Festive Discount + Free Latkan,"Fabric: Raw Silk | Color: Maroon | Available Sizes: XS, S, M, L, XL | Price: INR 28,394 | Offer: Flat 15% Festive Discount + Free Latkan | Delivery: 3-5 Business Days"
VAS-WOM-102,Emerald Green Silk Reception Lehenga in Pastel Pink,Women Ethnic - Lehenga,Raw Silk,Pastel Pink,Custom Tailored Available,"21,022",Flat 15% Festive Discount + Free Latkan,"Fabric: Raw Silk | Color: Pastel Pink | Available Sizes: Custom Tailored Available | Price: INR 21,022 | Offer: Flat 15% Festive Discount + Free Latkan | Delivery: 3-5 Business Days"
VAS-WOM-103,Emerald Green Silk Reception Lehenga in Emerald Green,Women Ethnic - Lehenga,Raw Silk,Emerald Green,"XS, S, M, L, XL","16,709",Flat 15% Festive Discount + Free Latkan,"Fabric: Raw Silk | Color: Emerald Green | Available Sizes: XS, S, M, L, XL | Price: INR 16,709 | Offer: Flat 15% Festive Discount + Free Latkan | Delivery: 3-5 Business Days"
VAS-WOM-104,Emerald Green Silk Reception Lehenga in Royal Blue,Women Ethnic - Lehenga,Raw Silk,Royal Blue,Custom Tailored Available,"39,353",Flat 15% Festive Discount + Free Latkan,"Fabric: Raw Silk | Color: Royal Blue | Available Sizes: Custom Tailored Available | Price: INR 39,353 | Offer: Flat 15% Festive Discount + Free Latkan | Delivery: 3-5 Business Days"
VAS-WOM-105,Emerald Green Silk Reception Lehenga in Mustard Yellow,Women Ethnic - Lehenga,Raw Silk,Mustard Yellow,Free Size (Semi-Stitched),"34,389",Flat 15% Festive Discount + Free Latkan,"Fabric: Raw Silk | Color: Mustard Yellow | Available Sizes: Free Size (Semi-Stitched) | Price: INR 34,389 | Offer: Flat 15% Festive Discount + Free Latkan | Delivery: 3-5 Business Days"
VAS-WOM-106,Emerald Green Silk Reception Lehenga in Ivory White,Women Ethnic - Lehenga,Raw Silk,Ivory White,"M, L, XL, XXL","20,910",Flat 15% Festive Discount + Free Latkan,"Fabric: Raw Silk | Color: Ivory White | Available Sizes: M, L, XL, XXL | Price: INR 20,910 | Offer: Flat 15% Festive Discount + Free Latkan | Delivery: 3-5 Business Days"
VAS-WOM-107,Emerald Green Silk Reception Lehenga in Wine Burgundy,Women Ethnic - Lehenga,Raw Silk,Wine Burgundy,"S, M, L, XL, XXL, 3XL","19,937",Flat 15% Festive Discount + Free Latkan,"Fabric: Raw Silk | Color: Wine Burgundy | Available Sizes: S, M, L, XL, XXL, 3XL | Price: INR 19,937 | Offer: Flat 15% Festive Discount + Free Latkan | Delivery: 3-5 Business Days"
VAS-WOM-108,Emerald Green Silk Reception Lehenga in Teal Green,Women Ethnic - Lehenga,Raw Silk,Teal Green,Free Size (Semi-Stitched),"33,374",Flat 15% Festive Discount + Free Latkan,"Fabric: Raw Silk | Color: Teal Green | Available Sizes: Free Size (Semi-Stitched) | Price: INR 33,374 | Offer: Flat 15% Festive Discount + Free Latkan | Delivery: 3-5 Business Days"
VAS-WOM-109,Emerald Green Silk Reception Lehenga in Gold Metallic,Women Ethnic - Lehenga,Raw Silk,Gold Metallic,Custom Tailored Available,"23,340",Flat 15% Festive Discount + Free Latkan,"Fabric: Raw Silk | Color: Gold Metallic | Available Sizes: Custom Tailored Available | Price: INR 23,340 | Offer: Flat 15% Festive Discount + Free Latkan | Delivery: 3-5 Business Days"
VAS-WOM-110,Emerald Green Silk Reception Lehenga in Navy Blue,Women Ethnic - Lehenga,Raw Silk,Navy Blue,Custom Tailored Available,"34,711",Flat 15% Festive Discount + Free Latkan,"Fabric: Raw Silk | Color: Navy Blue | Available Sizes: Custom Tailored Available | Price: INR 34,711 | Offer: Flat 15% Festive Discount + Free Latkan | Delivery: 3-5 Business Days"
VAS-WOM-111,Mirror Work Navratri Chaniya Choli in Maroon,Women Ethnic - Lehenga,Cotton Rayon,Maroon,"S, M, L, XL, XXL, 3XL","5,478",Free Express Shipping Across India,"Fabric: Cotton Rayon | Color: Maroon | Available Sizes: S, M, L, XL, XXL, 3XL | Price: INR 5,478 | Offer: Free Express Shipping Across India | Delivery: 3-5 Business Days"
VAS-WOM-112,Mirror Work Navratri Chaniya Choli in Pastel Pink,Women Ethnic - Lehenga,Cotton Rayon,Pastel Pink,"XS, S, M, L, XL","7,457",Free Express Shipping Across India,"Fabric: Cotton Rayon | Color: Pastel Pink | Available Sizes: XS, S, M, L, XL | Price: INR 7,457 | Offer: Free Express Shipping Across India | Delivery: 3-5 Business Days"
VAS-WOM-113,Mirror Work Navratri Chaniya Choli in Emerald Green,Women Ethnic - Lehenga,Cotton Rayon,Emerald Green,Free Size (Semi-Stitched),"11,770",Free Express Shipping Across India,"Fabric: Cotton Rayon | Color: Emerald Green | Available Sizes: Free Size (Semi-Stitched) | Price: INR 11,770 | Offer: Free Express Shipping Across India | Delivery: 3-5 Business Days"
VAS-WOM-114,Mirror Work Navratri Chaniya Choli in Royal Blue,Women Ethnic - Lehenga,Cotton Rayon,Royal Blue,Custom Tailored Available,"11,391",Free Express Shipping Across India,"Fabric: Cotton Rayon | Color: Royal Blue | Available Sizes: Custom Tailored Available | Price: INR 11,391 | Offer: Free Express Shipping Across India | Delivery: 3-5 Business Days"
VAS-WOM-115,Mirror Work Navratri Chaniya Choli in Mustard Yellow,Women Ethnic - Lehenga,Cotton Rayon,Mustard Yellow,Free Size (Semi-Stitched),"7,536",Free Express Shipping Across India,"Fabric: Cotton Rayon | Color: Mustard Yellow | Available Sizes: Free Size (Semi-Stitched) | Price: INR 7,536 | Offer: Free Express Shipping Across India | Delivery: 3-5 Business Days"
VAS-WOM-116,Mirror Work Navratri Chaniya Choli in Ivory White,Women Ethnic - Lehenga,Cotton Rayon,Ivory White,Free Size (Semi-Stitched),"9,373",Free Express Shipping Across India,"Fabric: Cotton Rayon | Color: Ivory White | Available Sizes: Free Size (Semi-Stitched) | Price: INR 9,373 | Offer: Free Express Shipping Across India | Delivery: 3-5 Business Days"
VAS-WOM-117,Mirror Work Navratri Chaniya Choli in Wine Burgundy,Women Ethnic - Lehenga,Cotton Rayon,Wine Burgundy,"M, L, XL, XXL","4,816",Free Express Shipping Across India,"Fabric: Cotton Rayon | Color: Wine Burgundy | Available Sizes: M, L, XL, XXL | Price: INR 4,816 | Offer: Free Express Shipping Across India | Delivery: 3-5 Business Days"
VAS-WOM-118,Mirror Work Navratri Chaniya Choli in Teal Green,Women Ethnic - Lehenga,Cotton Rayon,Teal Green,Custom Tailored Available,"8,770",Free Express Shipping Across India,"Fabric: Cotton Rayon | Color: Teal Green | Available Sizes: Custom Tailored Available | Price: INR 8,770 | Offer: Free Express Shipping Across India | Delivery: 3-5 Business Days"
VAS-WOM-119,Mirror Work Navratri Chaniya Choli in Gold Metallic,Women Ethnic - Lehenga,Cotton Rayon,Gold Metallic,"S, M, L, XL, XXL, 3XL","8,281",Free Express Shipping Across India,"Fabric: Cotton Rayon | Color: Gold Metallic | Available Sizes: S, M, L, XL, XXL, 3XL | Price: INR 8,281 | Offer: Free Express Shipping Across India | Delivery: 3-5 Business Days"
VAS-WOM-120,Mirror Work Navratri Chaniya Choli in Navy Blue,Women Ethnic - Lehenga,Cotton Rayon,Navy Blue,Custom Tailored Available,"5,167",Free Express Shipping Across India,"Fabric: Cotton Rayon | Color: Navy Blue | Available Sizes: Custom Tailored Available | Price: INR 5,167 | Offer: Free Express Shipping Across India | Delivery: 3-5 Business Days"
VAS-WOM-121,Floral Organza Mehndi Lehenga in Maroon,Women Ethnic - Lehenga,Organza,Maroon,"M, L, XL, XXL","12,969",Flat 15% Festive Discount + Free Latkan,"Fabric: Organza | Color: Maroon | Available Sizes: M, L, XL, XXL | Price: INR 12,969 | Offer: Flat 15% Festive Discount + Free Latkan | Delivery: 3-5 Business Days"
VAS-WOM-122,Floral Organza Mehndi Lehenga in Pastel Pink,Women Ethnic - Lehenga,Organza,Pastel Pink,"XS, S, M, L, XL","17,559",Flat 15% Festive Discount + Free Latkan,"Fabric: Organza | Color: Pastel Pink | Available Sizes: XS, S, M, L, XL | Price: INR 17,559 | Offer: Flat 15% Festive Discount + Free Latkan | Delivery: 3-5 Business Days"
VAS-WOM-123,Floral Organza Mehndi Lehenga in Emerald Green,Women Ethnic - Lehenga,Organza,Emerald Green,Custom Tailored Available,"10,515",Flat 15% Festive Discount + Free Latkan,"Fabric: Organza | Color: Emerald Green | Available Sizes: Custom Tailored Available | Price: INR 10,515 | Offer: Flat 15% Festive Discount + Free Latkan | Delivery: 3-5 Business Days"
VAS-WOM-124,Floral Organza Mehndi Lehenga in Royal Blue,Women Ethnic - Lehenga,Organza,Royal Blue,"S, M, L, XL, XXL, 3XL","9,095",Flat 15% Festive Discount + Free Latkan,"Fabric: Organza | Color: Royal Blue | Available Sizes: S, M, L, XL, XXL, 3XL | Price: INR 9,095 | Offer: Flat 15% Festive Discount + Free Latkan | Delivery: 3-5 Business Days"
VAS-WOM-125,Floral Organza Mehndi Lehenga in Mustard Yellow,Women Ethnic - Lehenga,Organza,Mustard Yellow,Custom Tailored Available,"19,094",Flat 15% Festive Discount + Free Latkan,"Fabric: Organza | Color: Mustard Yellow | Available Sizes: Custom Tailored Available | Price: INR 19,094 | Offer: Flat 15% Festive Discount + Free Latkan | Delivery: 3-5 Business Days"
VAS-WOM-126,Floral Organza Mehndi Lehenga in Ivory White,Women Ethnic - Lehenga,Organza,Ivory White,Free Size (Semi-Stitched),"9,123",Flat 15% Festive Discount + Free Latkan,"Fabric: Organza | Color: Ivory White | Available Sizes: Free Size (Semi-Stitched) | Price: INR 9,123 | Offer: Flat 15% Festive Discount + Free Latkan | Delivery: 3-5 Business Days"
VAS-WOM-127,Floral Organza Mehndi Lehenga in Wine Burgundy,Women Ethnic - Lehenga,Organza,Wine Burgundy,Custom Tailored Available,"19,140",Flat 15% Festive Discount + Free Latkan,"Fabric: Organza | Color: Wine Burgundy | Available Sizes: Custom Tailored Available | Price: INR 19,140 | Offer: Flat 15% Festive Discount + Free Latkan | Delivery: 3-5 Business Days"
VAS-WOM-128,Floral Organza Mehndi Lehenga in Teal Green,Women Ethnic - Lehenga,Organza,Teal Green,Free Size (Semi-Stitched),"11,387",Flat 15% Festive Discount + Free Latkan,"Fabric: Organza | Color: Teal Green | Available Sizes: Free Size (Semi-Stitched) | Price: INR 11,387 | Offer: Flat 15% Festive Discount + Free Latkan | Delivery: 3-5 Business Days"
VAS-WOM-129,Floral Organza Mehndi Lehenga in Gold Metallic,Women Ethnic - Lehenga,Organza,Gold Metallic,"S, M, L, XL, XXL, 3XL","19,490",Flat 15% Festive Discount + Free Latkan,"Fabric: Organza | Color: Gold Metallic | Available Sizes: S, M, L, XL, XXL, 3XL | Price: INR 19,490 | Offer: Flat 15% Festive Discount + Free Latkan | Delivery: 3-5 Business Days"
VAS-WOM-130,Floral Organza Mehndi Lehenga in Navy Blue,Women Ethnic - Lehenga,Organza,Navy Blue,"S, M, L, XL, XXL, 3XL","10,900",Flat 15% Festive Discount + Free Latkan,"Fabric: Organza | Color: Navy Blue | Available Sizes: S, M, L, XL, XXL, 3XL | Price: INR 10,900 | Offer: Flat 15% Festive Discount + Free Latkan | Delivery: 3-5 Business Days"
VAS-WOM-131,Sequins Partywear Crop Top Lehenga in Maroon,Women Ethnic - Lehenga,Net Georgette,Maroon,"XS, S, M, L, XL","15,107",Flat 15% Festive Discount + Free Latkan,"Fabric: Net Georgette | Color: Maroon | Available Sizes: XS, S, M, L, XL | Price: INR 15,107 | Offer: Flat 15% Festive Discount + Free Latkan | Delivery: 3-5 Business Days"
VAS-WOM-132,Sequins Partywear Crop Top Lehenga in Pastel Pink,Women Ethnic - Lehenga,Net Georgette,Pastel Pink,Custom Tailored Available,"15,574",Flat 15% Festive Discount + Free Latkan,"Fabric: Net Georgette | Color: Pastel Pink | Available Sizes: Custom Tailored Available | Price: INR 15,574 | Offer: Flat 15% Festive Discount + Free Latkan | Delivery: 3-5 Business Days"
VAS-WOM-133,Sequins Partywear Crop Top Lehenga in Emerald Green,Women Ethnic - Lehenga,Net Georgette,Emerald Green,"M, L, XL, XXL","21,195",Flat 15% Festive Discount + Free Latkan,"Fabric: Net Georgette | Color: Emerald Green | Available Sizes: M, L, XL, XXL | Price: INR 21,195 | Offer: Flat 15% Festive Discount + Free Latkan | Delivery: 3-5 Business Days"
VAS-WOM-134,Sequins Partywear Crop Top Lehenga in Royal Blue,Women Ethnic - Lehenga,Net Georgette,Royal Blue,"XS, S, M, L, XL","12,151",Flat 15% Festive Discount + Free Latkan,"Fabric: Net Georgette | Color: Royal Blue | Available Sizes: XS, S, M, L, XL | Price: INR 12,151 | Offer: Flat 15% Festive Discount + Free Latkan | Delivery: 3-5 Business Days"
VAS-WOM-135,Sequins Partywear Crop Top Lehenga in Mustard Yellow,Women Ethnic - Lehenga,Net Georgette,Mustard Yellow,"S, M, L, XL, XXL, 3XL","23,897",Flat 15% Festive Discount + Free Latkan,"Fabric: Net Georgette | Color: Mustard Yellow | Available Sizes: S, M, L, XL, XXL, 3XL | Price: INR 23,897 | Offer: Flat 15% Festive Discount + Free Latkan | Delivery: 3-5 Business Days"
VAS-WOM-136,Sequins Partywear Crop Top Lehenga in Ivory White,Women Ethnic - Lehenga,Net Georgette,Ivory White,"XS, S, M, L, XL","14,143",Flat 15% Festive Discount + Free Latkan,"Fabric: Net Georgette | Color: Ivory White | Available Sizes: XS, S, M, L, XL | Price: INR 14,143 | Offer: Flat 15% Festive Discount + Free Latkan | Delivery: 3-5 Business Days"
VAS-WOM-137,Sequins Partywear Crop Top Lehenga in Wine Burgundy,Women Ethnic - Lehenga,Net Georgette,Wine Burgundy,"S, M, L, XL, XXL, 3XL","24,342",Flat 15% Festive Discount + Free Latkan,"Fabric: Net Georgette | Color: Wine Burgundy | Available Sizes: S, M, L, XL, XXL, 3XL | Price: INR 24,342 | Offer: Flat 15% Festive Discount + Free Latkan | Delivery: 3-5 Business Days"
VAS-WOM-138,Sequins Partywear Crop Top Lehenga in Teal Green,Women Ethnic - Lehenga,Net Georgette,Teal Green,"M, L, XL, XXL","18,831",Flat 15% Festive Discount + Free Latkan,"Fabric: Net Georgette | Color: Teal Green | Available Sizes: M, L, XL, XXL | Price: INR 18,831 | Offer: Flat 15% Festive Discount + Free Latkan | Delivery: 3-5 Business Days"
VAS-WOM-139,Sequins Partywear Crop Top Lehenga in Gold Metallic,Women Ethnic - Lehenga,Net Georgette,Gold Metallic,Free Size (Semi-Stitched),"13,799",Flat 15% Festive Discount + Free Latkan,"Fabric: Net Georgette | Color: Gold Metallic | Available Sizes: Free Size (Semi-Stitched) | Price: INR 13,799 | Offer: Flat 15% Festive Discount + Free Latkan | Delivery: 3-5 Business Days"
VAS-WOM-140,Sequins Partywear Crop Top Lehenga in Navy Blue,Women Ethnic - Lehenga,Net Georgette,Navy Blue,Free Size (Semi-Stitched),"15,603",Flat 15% Festive Discount + Free Latkan,"Fabric: Net Georgette | Color: Navy Blue | Available Sizes: Free Size (Semi-Stitched) | Price: INR 15,603 | Offer: Flat 15% Festive Discount + Free Latkan | Delivery: 3-5 Business Days"
VAS-WOM-141,Anarkali Pure Cotton Kurti Set with Pant & Dupatta in Maroon,Women Festive - Kurti Set,100% Breathable Cotton,Maroon,Free Size (Semi-Stitched),"3,133",Buy 2 Get 10% Extra Discount,"Fabric: 100% Breathable Cotton | Color: Maroon | Available Sizes: Free Size (Semi-Stitched) | Price: INR 3,133 | Offer: Buy 2 Get 10% Extra Discount | Delivery: 3-5 Business Days"
VAS-WOM-142,Anarkali Pure Cotton Kurti Set with Pant & Dupatta in Pastel Pink,Women Festive - Kurti Set,100% Breathable Cotton,Pastel Pink,"S, M, L, XL, XXL, 3XL","2,525",Buy 2 Get 10% Extra Discount,"Fabric: 100% Breathable Cotton | Color: Pastel Pink | Available Sizes: S, M, L, XL, XXL, 3XL | Price: INR 2,525 | Offer: Buy 2 Get 10% Extra Discount | Delivery: 3-5 Business Days"
VAS-WOM-143,Anarkali Pure Cotton Kurti Set with Pant & Dupatta in Emerald Green,Women Festive - Kurti Set,100% Breathable Cotton,Emerald Green,Custom Tailored Available,"1,896",Buy 2 Get 10% Extra Discount,"Fabric: 100% Breathable Cotton | Color: Emerald Green | Available Sizes: Custom Tailored Available | Price: INR 1,896 | Offer: Buy 2 Get 10% Extra Discount | Delivery: 3-5 Business Days"
VAS-WOM-144,Anarkali Pure Cotton Kurti Set with Pant & Dupatta in Royal Blue,Women Festive - Kurti Set,100% Breathable Cotton,Royal Blue,"M, L, XL, XXL","3,619",Buy 2 Get 10% Extra Discount,"Fabric: 100% Breathable Cotton | Color: Royal Blue | Available Sizes: M, L, XL, XXL | Price: INR 3,619 | Offer: Buy 2 Get 10% Extra Discount | Delivery: 3-5 Business Days"
VAS-WOM-145,Anarkali Pure Cotton Kurti Set with Pant & Dupatta in Mustard Yellow,Women Festive - Kurti Set,100% Breathable Cotton,Mustard Yellow,Custom Tailored Available,"3,928",Buy 2 Get 10% Extra Discount,"Fabric: 100% Breathable Cotton | Color: Mustard Yellow | Available Sizes: Custom Tailored Available | Price: INR 3,928 | Offer: Buy 2 Get 10% Extra Discount | Delivery: 3-5 Business Days"
VAS-WOM-146,Anarkali Pure Cotton Kurti Set with Pant & Dupatta in Ivory White,Women Festive - Kurti Set,100% Breathable Cotton,Ivory White,"XS, S, M, L, XL","2,050",Buy 2 Get 10% Extra Discount,"Fabric: 100% Breathable Cotton | Color: Ivory White | Available Sizes: XS, S, M, L, XL | Price: INR 2,050 | Offer: Buy 2 Get 10% Extra Discount | Delivery: 3-5 Business Days"
VAS-WOM-147,Anarkali Pure Cotton Kurti Set with Pant & Dupatta in Wine Burgundy,Women Festive - Kurti Set,100% Breathable Cotton,Wine Burgundy,"M, L, XL, XXL","3,906",Buy 2 Get 10% Extra Discount,"Fabric: 100% Breathable Cotton | Color: Wine Burgundy | Available Sizes: M, L, XL, XXL | Price: INR 3,906 | Offer: Buy 2 Get 10% Extra Discount | Delivery: 3-5 Business Days"
VAS-WOM-148,Anarkali Pure Cotton Kurti Set with Pant & Dupatta in Teal Green,Women Festive - Kurti Set,100% Breathable Cotton,Teal Green,Free Size (Semi-Stitched),"2,708",Buy 2 Get 10% Extra Discount,"Fabric: 100% Breathable Cotton | Color: Teal Green | Available Sizes: Free Size (Semi-Stitched) | Price: INR 2,708 | Offer: Buy 2 Get 10% Extra Discount | Delivery: 3-5 Business Days"
VAS-WOM-149,Anarkali Pure Cotton Kurti Set with Pant & Dupatta in Gold Metallic,Women Festive - Kurti Set,100% Breathable Cotton,Gold Metallic,"M, L, XL, XXL","1,783",Buy 2 Get 10% Extra Discount,"Fabric: 100% Breathable Cotton | Color: Gold Metallic | Available Sizes: M, L, XL, XXL | Price: INR 1,783 | Offer: Buy 2 Get 10% Extra Discount | Delivery: 3-5 Business Days"
VAS-WOM-150,Anarkali Pure Cotton Kurti Set with Pant & Dupatta in Navy Blue,Women Festive - Kurti Set,100% Breathable Cotton,Navy Blue,Custom Tailored Available,"2,934",Buy 2 Get 10% Extra Discount,"Fabric: 100% Breathable Cotton | Color: Navy Blue | Available Sizes: Custom Tailored Available | Price: INR 2,934 | Offer: Buy 2 Get 10% Extra Discount | Delivery: 3-5 Business Days"
VAS-WOM-151,Straight Cut Rayon Daily Kurti in Maroon,Women Daily - Kurti,Premium Rayon,Maroon,Free Size (Semi-Stitched),"1,337",Buy 2 Get 10% Extra Discount,"Fabric: Premium Rayon | Color: Maroon | Available Sizes: Free Size (Semi-Stitched) | Price: INR 1,337 | Offer: Buy 2 Get 10% Extra Discount | Delivery: 3-5 Business Days"
VAS-WOM-152,Straight Cut Rayon Daily Kurti in Pastel Pink,Women Daily - Kurti,Premium Rayon,Pastel Pink,Custom Tailored Available,774,Buy 2 Get 10% Extra Discount,Fabric: Premium Rayon | Color: Pastel Pink | Available Sizes: Custom Tailored Available | Price: INR 774 | Offer: Buy 2 Get 10% Extra Discount | Delivery: 3-5 Business Days
VAS-WOM-153,Straight Cut Rayon Daily Kurti in Emerald Green,Women Daily - Kurti,Premium Rayon,Emerald Green,"M, L, XL, XXL","1,272",Buy 2 Get 10% Extra Discount,"Fabric: Premium Rayon | Color: Emerald Green | Available Sizes: M, L, XL, XXL | Price: INR 1,272 | Offer: Buy 2 Get 10% Extra Discount | Delivery: 3-5 Business Days"
VAS-WOM-154,Straight Cut Rayon Daily Kurti in Royal Blue,Women Daily - Kurti,Premium Rayon,Royal Blue,"S, M, L, XL, XXL, 3XL",631,Buy 2 Get 10% Extra Discount,"Fabric: Premium Rayon | Color: Royal Blue | Available Sizes: S, M, L, XL, XXL, 3XL | Price: INR 631 | Offer: Buy 2 Get 10% Extra Discount | Delivery: 3-5 Business Days"
VAS-WOM-155,Straight Cut Rayon Daily Kurti in Mustard Yellow,Women Daily - Kurti,Premium Rayon,Mustard Yellow,"XS, S, M, L, XL","1,335",Buy 2 Get 10% Extra Discount,"Fabric: Premium Rayon | Color: Mustard Yellow | Available Sizes: XS, S, M, L, XL | Price: INR 1,335 | Offer: Buy 2 Get 10% Extra Discount | Delivery: 3-5 Business Days"
VAS-WOM-156,Straight Cut Rayon Daily Kurti in Ivory White,Women Daily - Kurti,Premium Rayon,Ivory White,Custom Tailored Available,"1,288",Buy 2 Get 10% Extra Discount,"Fabric: Premium Rayon | Color: Ivory White | Available Sizes: Custom Tailored Available | Price: INR 1,288 | Offer: Buy 2 Get 10% Extra Discount | Delivery: 3-5 Business Days"
VAS-WOM-157,Straight Cut Rayon Daily Kurti in Wine Burgundy,Women Daily - Kurti,Premium Rayon,Wine Burgundy,Custom Tailored Available,"1,430",Buy 2 Get 10% Extra Discount,"Fabric: Premium Rayon | Color: Wine Burgundy | Available Sizes: Custom Tailored Available | Price: INR 1,430 | Offer: Buy 2 Get 10% Extra Discount | Delivery: 3-5 Business Days"
VAS-WOM-158,Straight Cut Rayon Daily Kurti in Teal Green,Women Daily - Kurti,Premium Rayon,Teal Green,"S, M, L, XL, XXL, 3XL",604,Buy 2 Get 10% Extra Discount,"Fabric: Premium Rayon | Color: Teal Green | Available Sizes: S, M, L, XL, XXL, 3XL | Price: INR 604 | Offer: Buy 2 Get 10% Extra Discount | Delivery: 3-5 Business Days"
VAS-WOM-159,Straight Cut Rayon Daily Kurti in Gold Metallic,Women Daily - Kurti,Premium Rayon,Gold Metallic,"M, L, XL, XXL","1,414",Buy 2 Get 10% Extra Discount,"Fabric: Premium Rayon | Color: Gold Metallic | Available Sizes: M, L, XL, XXL | Price: INR 1,414 | Offer: Buy 2 Get 10% Extra Discount | Delivery: 3-5 Business Days"
VAS-WOM-160,Straight Cut Rayon Daily Kurti in Navy Blue,Women Daily - Kurti,Premium Rayon,Navy Blue,"S, M, L, XL, XXL, 3XL","1,100",Buy 2 Get 10% Extra Discount,"Fabric: Premium Rayon | Color: Navy Blue | Available Sizes: S, M, L, XL, XXL, 3XL | Price: INR 1,100 | Offer: Buy 2 Get 10% Extra Discount | Delivery: 3-5 Business Days"
VAS-WOM-161,Embroidered Silk Kurta with Organza Dupatta in Maroon,Women Festive - Kurti Set,Chanderi Silk,Maroon,"XS, S, M, L, XL","3,961",Free Express Shipping Across India,"Fabric: Chanderi Silk | Color: Maroon | Available Sizes: XS, S, M, L, XL | Price: INR 3,961 | Offer: Free Express Shipping Across India | Delivery: 3-5 Business Days"
VAS-WOM-162,Embroidered Silk Kurta with Organza Dupatta in Pastel Pink,Women Festive - Kurti Set,Chanderi Silk,Pastel Pink,"XS, S, M, L, XL","5,068",Free Express Shipping Across India,"Fabric: Chanderi Silk | Color: Pastel Pink | Available Sizes: XS, S, M, L, XL | Price: INR 5,068 | Offer: Free Express Shipping Across India | Delivery: 3-5 Business Days"
VAS-WOM-163,Embroidered Silk Kurta with Organza Dupatta in Emerald Green,Women Festive - Kurti Set,Chanderi Silk,Emerald Green,"XS, S, M, L, XL","6,215",Free Express Shipping Across India,"Fabric: Chanderi Silk | Color: Emerald Green | Available Sizes: XS, S, M, L, XL | Price: INR 6,215 | Offer: Free Express Shipping Across India | Delivery: 3-5 Business Days"
VAS-WOM-164,Embroidered Silk Kurta with Organza Dupatta in Royal Blue,Women Festive - Kurti Set,Chanderi Silk,Royal Blue,"M, L, XL, XXL","4,327",Free Express Shipping Across India,"Fabric: Chanderi Silk | Color: Royal Blue | Available Sizes: M, L, XL, XXL | Price: INR 4,327 | Offer: Free Express Shipping Across India | Delivery: 3-5 Business Days"
VAS-WOM-165,Embroidered Silk Kurta with Organza Dupatta in Mustard Yellow,Women Festive - Kurti Set,Chanderi Silk,Mustard Yellow,"S, M, L, XL, XXL, 3XL","4,181",Free Express Shipping Across India,"Fabric: Chanderi Silk | Color: Mustard Yellow | Available Sizes: S, M, L, XL, XXL, 3XL | Price: INR 4,181 | Offer: Free Express Shipping Across India | Delivery: 3-5 Business Days"
VAS-WOM-166,Embroidered Silk Kurta with Organza Dupatta in Ivory White,Women Festive - Kurti Set,Chanderi Silk,Ivory White,"XS, S, M, L, XL","3,613",Free Express Shipping Across India,"Fabric: Chanderi Silk | Color: Ivory White | Available Sizes: XS, S, M, L, XL | Price: INR 3,613 | Offer: Free Express Shipping Across India | Delivery: 3-5 Business Days"
VAS-WOM-167,Embroidered Silk Kurta with Organza Dupatta in Wine Burgundy,Women Festive - Kurti Set,Chanderi Silk,Wine Burgundy,Free Size (Semi-Stitched),"3,050",Free Express Shipping Across India,"Fabric: Chanderi Silk | Color: Wine Burgundy | Available Sizes: Free Size (Semi-Stitched) | Price: INR 3,050 | Offer: Free Express Shipping Across India | Delivery: 3-5 Business Days"
VAS-WOM-168,Embroidered Silk Kurta with Organza Dupatta in Teal Green,Women Festive - Kurti Set,Chanderi Silk,Teal Green,Free Size (Semi-Stitched),"6,760",Free Express Shipping Across India,"Fabric: Chanderi Silk | Color: Teal Green | Available Sizes: Free Size (Semi-Stitched) | Price: INR 6,760 | Offer: Free Express Shipping Across India | Delivery: 3-5 Business Days"
VAS-WOM-169,Embroidered Silk Kurta with Organza Dupatta in Gold Metallic,Women Festive - Kurti Set,Chanderi Silk,Gold Metallic,"M, L, XL, XXL","6,436",Free Express Shipping Across India,"Fabric: Chanderi Silk | Color: Gold Metallic | Available Sizes: M, L, XL, XXL | Price: INR 6,436 | Offer: Free Express Shipping Across India | Delivery: 3-5 Business Days"
VAS-WOM-170,Embroidered Silk Kurta with Organza Dupatta in Navy Blue,Women Festive - Kurti Set,Chanderi Silk,Navy Blue,Custom Tailored Available,"6,719",Free Express Shipping Across India,"Fabric: Chanderi Silk | Color: Navy Blue | Available Sizes: Custom Tailored Available | Price: INR 6,719 | Offer: Free Express Shipping Across India | Delivery: 3-5 Business Days"
VAS-WOM-171,A-Line Chiffon Party Kurti in Maroon,Women Party - Kurti,Chiffon,Maroon,Custom Tailored Available,"1,850",Buy 2 Get 10% Extra Discount,"Fabric: Chiffon | Color: Maroon | Available Sizes: Custom Tailored Available | Price: INR 1,850 | Offer: Buy 2 Get 10% Extra Discount | Delivery: 3-5 Business Days"
VAS-WOM-172,A-Line Chiffon Party Kurti in Pastel Pink,Women Party - Kurti,Chiffon,Pastel Pink,"XS, S, M, L, XL","1,806",Buy 2 Get 10% Extra Discount,"Fabric: Chiffon | Color: Pastel Pink | Available Sizes: XS, S, M, L, XL | Price: INR 1,806 | Offer: Buy 2 Get 10% Extra Discount | Delivery: 3-5 Business Days"
VAS-WOM-173,A-Line Chiffon Party Kurti in Emerald Green,Women Party - Kurti,Chiffon,Emerald Green,"XS, S, M, L, XL","2,777",Buy 2 Get 10% Extra Discount,"Fabric: Chiffon | Color: Emerald Green | Available Sizes: XS, S, M, L, XL | Price: INR 2,777 | Offer: Buy 2 Get 10% Extra Discount | Delivery: 3-5 Business Days"
VAS-WOM-174,A-Line Chiffon Party Kurti in Royal Blue,Women Party - Kurti,Chiffon,Royal Blue,"S, M, L, XL, XXL, 3XL","1,430",Buy 2 Get 10% Extra Discount,"Fabric: Chiffon | Color: Royal Blue | Available Sizes: S, M, L, XL, XXL, 3XL | Price: INR 1,430 | Offer: Buy 2 Get 10% Extra Discount | Delivery: 3-5 Business Days"
VAS-WOM-175,A-Line Chiffon Party Kurti in Mustard Yellow,Women Party - Kurti,Chiffon,Mustard Yellow,Free Size (Semi-Stitched),"1,923",Buy 2 Get 10% Extra Discount,"Fabric: Chiffon | Color: Mustard Yellow | Available Sizes: Free Size (Semi-Stitched) | Price: INR 1,923 | Offer: Buy 2 Get 10% Extra Discount | Delivery: 3-5 Business Days"
VAS-WOM-176,A-Line Chiffon Party Kurti in Ivory White,Women Party - Kurti,Chiffon,Ivory White,"M, L, XL, XXL","1,845",Buy 2 Get 10% Extra Discount,"Fabric: Chiffon | Color: Ivory White | Available Sizes: M, L, XL, XXL | Price: INR 1,845 | Offer: Buy 2 Get 10% Extra Discount | Delivery: 3-5 Business Days"
VAS-WOM-177,A-Line Chiffon Party Kurti in Wine Burgundy,Women Party - Kurti,Chiffon,Wine Burgundy,Custom Tailored Available,"1,861",Buy 2 Get 10% Extra Discount,"Fabric: Chiffon | Color: Wine Burgundy | Available Sizes: Custom Tailored Available | Price: INR 1,861 | Offer: Buy 2 Get 10% Extra Discount | Delivery: 3-5 Business Days"
VAS-WOM-178,A-Line Chiffon Party Kurti in Teal Green,Women Party - Kurti,Chiffon,Teal Green,"S, M, L, XL, XXL, 3XL","1,586",Buy 2 Get 10% Extra Discount,"Fabric: Chiffon | Color: Teal Green | Available Sizes: S, M, L, XL, XXL, 3XL | Price: INR 1,586 | Offer: Buy 2 Get 10% Extra Discount | Delivery: 3-5 Business Days"
VAS-WOM-179,A-Line Chiffon Party Kurti in Gold Metallic,Women Party - Kurti,Chiffon,Gold Metallic,"S, M, L, XL, XXL, 3XL","1,213",Buy 2 Get 10% Extra Discount,"Fabric: Chiffon | Color: Gold Metallic | Available Sizes: S, M, L, XL, XXL, 3XL | Price: INR 1,213 | Offer: Buy 2 Get 10% Extra Discount | Delivery: 3-5 Business Days"
VAS-WOM-180,A-Line Chiffon Party Kurti in Navy Blue,Women Party - Kurti,Chiffon,Navy Blue,"XS, S, M, L, XL","2,522",Buy 2 Get 10% Extra Discount,"Fabric: Chiffon | Color: Navy Blue | Available Sizes: XS, S, M, L, XL | Price: INR 2,522 | Offer: Buy 2 Get 10% Extra Discount | Delivery: 3-5 Business Days"
VAS-WOM-181,Khadi Cotton Office Wear Formal Kurti in Maroon,Women Formal - Kurti,Handspun Khadi,Maroon,"M, L, XL, XXL","1,867",Buy 2 Get 10% Extra Discount,"Fabric: Handspun Khadi | Color: Maroon | Available Sizes: M, L, XL, XXL | Price: INR 1,867 | Offer: Buy 2 Get 10% Extra Discount | Delivery: 3-5 Business Days"
VAS-WOM-182,Khadi Cotton Office Wear Formal Kurti in Pastel Pink,Women Formal - Kurti,Handspun Khadi,Pastel Pink,"S, M, L, XL, XXL, 3XL","1,768",Buy 2 Get 10% Extra Discount,"Fabric: Handspun Khadi | Color: Pastel Pink | Available Sizes: S, M, L, XL, XXL, 3XL | Price: INR 1,768 | Offer: Buy 2 Get 10% Extra Discount | Delivery: 3-5 Business Days"
VAS-WOM-183,Khadi Cotton Office Wear Formal Kurti in Emerald Green,Women Formal - Kurti,Handspun Khadi,Emerald Green,"S, M, L, XL, XXL, 3XL","1,773",Buy 2 Get 10% Extra Discount,"Fabric: Handspun Khadi | Color: Emerald Green | Available Sizes: S, M, L, XL, XXL, 3XL | Price: INR 1,773 | Offer: Buy 2 Get 10% Extra Discount | Delivery: 3-5 Business Days"
VAS-WOM-184,Khadi Cotton Office Wear Formal Kurti in Royal Blue,Women Formal - Kurti,Handspun Khadi,Royal Blue,Custom Tailored Available,"1,972",Buy 2 Get 10% Extra Discount,"Fabric: Handspun Khadi | Color: Royal Blue | Available Sizes: Custom Tailored Available | Price: INR 1,972 | Offer: Buy 2 Get 10% Extra Discount | Delivery: 3-5 Business Days"
VAS-WOM-185,Khadi Cotton Office Wear Formal Kurti in Mustard Yellow,Women Formal - Kurti,Handspun Khadi,Mustard Yellow,"XS, S, M, L, XL","1,075",Buy 2 Get 10% Extra Discount,"Fabric: Handspun Khadi | Color: Mustard Yellow | Available Sizes: XS, S, M, L, XL | Price: INR 1,075 | Offer: Buy 2 Get 10% Extra Discount | Delivery: 3-5 Business Days"
VAS-WOM-186,Khadi Cotton Office Wear Formal Kurti in Ivory White,Women Formal - Kurti,Handspun Khadi,Ivory White,Free Size (Semi-Stitched),"1,015",Buy 2 Get 10% Extra Discount,"Fabric: Handspun Khadi | Color: Ivory White | Available Sizes: Free Size (Semi-Stitched) | Price: INR 1,015 | Offer: Buy 2 Get 10% Extra Discount | Delivery: 3-5 Business Days"
VAS-WOM-187,Khadi Cotton Office Wear Formal Kurti in Wine Burgundy,Women Formal - Kurti,Handspun Khadi,Wine Burgundy,Custom Tailored Available,"1,387",Buy 2 Get 10% Extra Discount,"Fabric: Handspun Khadi | Color: Wine Burgundy | Available Sizes: Custom Tailored Available | Price: INR 1,387 | Offer: Buy 2 Get 10% Extra Discount | Delivery: 3-5 Business Days"
VAS-WOM-188,Khadi Cotton Office Wear Formal Kurti in Teal Green,Women Formal - Kurti,Handspun Khadi,Teal Green,"XS, S, M, L, XL","1,000",Buy 2 Get 10% Extra Discount,"Fabric: Handspun Khadi | Color: Teal Green | Available Sizes: XS, S, M, L, XL | Price: INR 1,000 | Offer: Buy 2 Get 10% Extra Discount | Delivery: 3-5 Business Days"
VAS-WOM-189,Khadi Cotton Office Wear Formal Kurti in Gold Metallic,Women Formal - Kurti,Handspun Khadi,Gold Metallic,"M, L, XL, XXL","1,851",Buy 2 Get 10% Extra Discount,"Fabric: Handspun Khadi | Color: Gold Metallic | Available Sizes: M, L, XL, XXL | Price: INR 1,851 | Offer: Buy 2 Get 10% Extra Discount | Delivery: 3-5 Business Days"
VAS-WOM-190,Khadi Cotton Office Wear Formal Kurti in Navy Blue,Women Formal - Kurti,Handspun Khadi,Navy Blue,"S, M, L, XL, XXL, 3XL","1,953",Buy 2 Get 10% Extra Discount,"Fabric: Handspun Khadi | Color: Navy Blue | Available Sizes: S, M, L, XL, XXL, 3XL | Price: INR 1,953 | Offer: Buy 2 Get 10% Extra Discount | Delivery: 3-5 Business Days"
VAS-WOM-191,Chikankari Georgette Long Kurti with Inner in Maroon,Women Ethnic - Kurti,Georgette,Maroon,"M, L, XL, XXL","2,757",Buy 2 Get 10% Extra Discount,"Fabric: Georgette | Color: Maroon | Available Sizes: M, L, XL, XXL | Price: INR 2,757 | Offer: Buy 2 Get 10% Extra Discount | Delivery: 3-5 Business Days"
VAS-WOM-192,Chikankari Georgette Long Kurti with Inner in Pastel Pink,Women Ethnic - Kurti,Georgette,Pastel Pink,"XS, S, M, L, XL","3,262",Buy 2 Get 10% Extra Discount,"Fabric: Georgette | Color: Pastel Pink | Available Sizes: XS, S, M, L, XL | Price: INR 3,262 | Offer: Buy 2 Get 10% Extra Discount | Delivery: 3-5 Business Days"
VAS-WOM-193,Chikankari Georgette Long Kurti with Inner in Emerald Green,Women Ethnic - Kurti,Georgette,Emerald Green,Free Size (Semi-Stitched),"1,838",Buy 2 Get 10% Extra Discount,"Fabric: Georgette | Color: Emerald Green | Available Sizes: Free Size (Semi-Stitched) | Price: INR 1,838 | Offer: Buy 2 Get 10% Extra Discount | Delivery: 3-5 Business Days"
VAS-WOM-194,Chikankari Georgette Long Kurti with Inner in Royal Blue,Women Ethnic - Kurti,Georgette,Royal Blue,"XS, S, M, L, XL","3,075",Buy 2 Get 10% Extra Discount,"Fabric: Georgette | Color: Royal Blue | Available Sizes: XS, S, M, L, XL | Price: INR 3,075 | Offer: Buy 2 Get 10% Extra Discount | Delivery: 3-5 Business Days"
VAS-WOM-195,Chikankari Georgette Long Kurti with Inner in Mustard Yellow,Women Ethnic - Kurti,Georgette,Mustard Yellow,Custom Tailored Available,"1,685",Buy 2 Get 10% Extra Discount,"Fabric: Georgette | Color: Mustard Yellow | Available Sizes: Custom Tailored Available | Price: INR 1,685 | Offer: Buy 2 Get 10% Extra Discount | Delivery: 3-5 Business Days"
VAS-WOM-196,Chikankari Georgette Long Kurti with Inner in Ivory White,Women Ethnic - Kurti,Georgette,Ivory White,Custom Tailored Available,"2,009",Buy 2 Get 10% Extra Discount,"Fabric: Georgette | Color: Ivory White | Available Sizes: Custom Tailored Available | Price: INR 2,009 | Offer: Buy 2 Get 10% Extra Discount | Delivery: 3-5 Business Days"
VAS-WOM-197,Chikankari Georgette Long Kurti with Inner in Wine Burgundy,Women Ethnic - Kurti,Georgette,Wine Burgundy,Custom Tailored Available,"3,314",Buy 2 Get 10% Extra Discount,"Fabric: Georgette | Color: Wine Burgundy | Available Sizes: Custom Tailored Available | Price: INR 3,314 | Offer: Buy 2 Get 10% Extra Discount | Delivery: 3-5 Business Days"
VAS-WOM-198,Chikankari Georgette Long Kurti with Inner in Teal Green,Women Ethnic - Kurti,Georgette,Teal Green,"XS, S, M, L, XL","1,739",Buy 2 Get 10% Extra Discount,"Fabric: Georgette | Color: Teal Green | Available Sizes: XS, S, M, L, XL | Price: INR 1,739 | Offer: Buy 2 Get 10% Extra Discount | Delivery: 3-5 Business Days"
VAS-WOM-199,Chikankari Georgette Long Kurti with Inner in Gold Metallic,Women Ethnic - Kurti,Georgette,Gold Metallic,Free Size (Semi-Stitched),"1,854",Buy 2 Get 10% Extra Discount,"Fabric: Georgette | Color: Gold Metallic | Available Sizes: Free Size (Semi-Stitched) | Price: INR 1,854 | Offer: Buy 2 Get 10% Extra Discount | Delivery: 3-5 Business Days"
VAS-WOM-200,Chikankari Georgette Long Kurti with Inner in Navy Blue,Women Ethnic - Kurti,Georgette,Navy Blue,"M, L, XL, XXL","3,426",Buy 2 Get 10% Extra Discount,"Fabric: Georgette | Color: Navy Blue | Available Sizes: M, L, XL, XXL | Price: INR 3,426 | Offer: Buy 2 Get 10% Extra Discount | Delivery: 3-5 Business Days"
VAS-MEN-201,Royal Cream Zari Embroidered Sherwani in Maroon,Men Ethnic - Sherwani,Jacquard Silk,Maroon,"S, M, L, XL, XXL, 3XL","37,778","Free Matching Safa, Pocket Square & Stole","Fabric: Jacquard Silk | Color: Maroon | Available Sizes: S, M, L, XL, XXL, 3XL | Price: INR 37,778 | Offer: Free Matching Safa, Pocket Square & Stole | Delivery: 3-5 Business Days"
VAS-MEN-202,Royal Cream Zari Embroidered Sherwani in Pastel Pink,Men Ethnic - Sherwani,Jacquard Silk,Pastel Pink,"XS, S, M, L, XL","20,574","Free Matching Safa, Pocket Square & Stole","Fabric: Jacquard Silk | Color: Pastel Pink | Available Sizes: XS, S, M, L, XL | Price: INR 20,574 | Offer: Free Matching Safa, Pocket Square & Stole | Delivery: 3-5 Business Days"
VAS-MEN-203,Royal Cream Zari Embroidered Sherwani in Emerald Green,Men Ethnic - Sherwani,Jacquard Silk,Emerald Green,"S, M, L, XL, XXL, 3XL","34,648","Free Matching Safa, Pocket Square & Stole","Fabric: Jacquard Silk | Color: Emerald Green | Available Sizes: S, M, L, XL, XXL, 3XL | Price: INR 34,648 | Offer: Free Matching Safa, Pocket Square & Stole | Delivery: 3-5 Business Days"
VAS-MEN-204,Royal Cream Zari Embroidered Sherwani in Royal Blue,Men Ethnic - Sherwani,Jacquard Silk,Royal Blue,"M, L, XL, XXL","13,173","Free Matching Safa, Pocket Square & Stole","Fabric: Jacquard Silk | Color: Royal Blue | Available Sizes: M, L, XL, XXL | Price: INR 13,173 | Offer: Free Matching Safa, Pocket Square & Stole | Delivery: 3-5 Business Days"
VAS-MEN-205,Royal Cream Zari Embroidered Sherwani in Mustard Yellow,Men Ethnic - Sherwani,Jacquard Silk,Mustard Yellow,Custom Tailored Available,"20,821","Free Matching Safa, Pocket Square & Stole","Fabric: Jacquard Silk | Color: Mustard Yellow | Available Sizes: Custom Tailored Available | Price: INR 20,821 | Offer: Free Matching Safa, Pocket Square & Stole | Delivery: 3-5 Business Days"
VAS-MEN-206,Royal Cream Zari Embroidered Sherwani in Ivory White,Men Ethnic - Sherwani,Jacquard Silk,Ivory White,"S, M, L, XL, XXL, 3XL","16,977","Free Matching Safa, Pocket Square & Stole","Fabric: Jacquard Silk | Color: Ivory White | Available Sizes: S, M, L, XL, XXL, 3XL | Price: INR 16,977 | Offer: Free Matching Safa, Pocket Square & Stole | Delivery: 3-5 Business Days"
VAS-MEN-207,Royal Cream Zari Embroidered Sherwani in Wine Burgundy,Men Ethnic - Sherwani,Jacquard Silk,Wine Burgundy,Custom Tailored Available,"11,824","Free Matching Safa, Pocket Square & Stole","Fabric: Jacquard Silk | Color: Wine Burgundy | Available Sizes: Custom Tailored Available | Price: INR 11,824 | Offer: Free Matching Safa, Pocket Square & Stole | Delivery: 3-5 Business Days"
VAS-MEN-208,Royal Cream Zari Embroidered Sherwani in Teal Green,Men Ethnic - Sherwani,Jacquard Silk,Teal Green,"M, L, XL, XXL","18,850","Free Matching Safa, Pocket Square & Stole","Fabric: Jacquard Silk | Color: Teal Green | Available Sizes: M, L, XL, XXL | Price: INR 18,850 | Offer: Free Matching Safa, Pocket Square & Stole | Delivery: 3-5 Business Days"
VAS-MEN-209,Royal Cream Zari Embroidered Sherwani in Gold Metallic,Men Ethnic - Sherwani,Jacquard Silk,Gold Metallic,Free Size (Semi-Stitched),"19,053","Free Matching Safa, Pocket Square & Stole","Fabric: Jacquard Silk | Color: Gold Metallic | Available Sizes: Free Size (Semi-Stitched) | Price: INR 19,053 | Offer: Free Matching Safa, Pocket Square & Stole | Delivery: 3-5 Business Days"
VAS-MEN-210,Royal Cream Zari Embroidered Sherwani in Navy Blue,Men Ethnic - Sherwani,Jacquard Silk,Navy Blue,Free Size (Semi-Stitched),"33,541","Free Matching Safa, Pocket Square & Stole","Fabric: Jacquard Silk | Color: Navy Blue | Available Sizes: Free Size (Semi-Stitched) | Price: INR 33,541 | Offer: Free Matching Safa, Pocket Square & Stole | Delivery: 3-5 Business Days"
VAS-MEN-211,Pure Silk Lucknowi Kurta Pajama Set in Maroon,Men Ethnic - Kurta Pajama,Lucknowi Cotton Silk,Maroon,"M, L, XL, XXL","3,439",Free Express Shipping Across India,"Fabric: Lucknowi Cotton Silk | Color: Maroon | Available Sizes: M, L, XL, XXL | Price: INR 3,439 | Offer: Free Express Shipping Across India | Delivery: 3-5 Business Days"
VAS-MEN-212,Pure Silk Lucknowi Kurta Pajama Set in Pastel Pink,Men Ethnic - Kurta Pajama,Lucknowi Cotton Silk,Pastel Pink,"XS, S, M, L, XL","6,385",Free Express Shipping Across India,"Fabric: Lucknowi Cotton Silk | Color: Pastel Pink | Available Sizes: XS, S, M, L, XL | Price: INR 6,385 | Offer: Free Express Shipping Across India | Delivery: 3-5 Business Days"
VAS-MEN-213,Pure Silk Lucknowi Kurta Pajama Set in Emerald Green,Men Ethnic - Kurta Pajama,Lucknowi Cotton Silk,Emerald Green,"XS, S, M, L, XL","5,029",Free Express Shipping Across India,"Fabric: Lucknowi Cotton Silk | Color: Emerald Green | Available Sizes: XS, S, M, L, XL | Price: INR 5,029 | Offer: Free Express Shipping Across India | Delivery: 3-5 Business Days"
VAS-MEN-214,Pure Silk Lucknowi Kurta Pajama Set in Royal Blue,Men Ethnic - Kurta Pajama,Lucknowi Cotton Silk,Royal Blue,"XS, S, M, L, XL","5,485",Free Express Shipping Across India,"Fabric: Lucknowi Cotton Silk | Color: Royal Blue | Available Sizes: XS, S, M, L, XL | Price: INR 5,485 | Offer: Free Express Shipping Across India | Delivery: 3-5 Business Days"
VAS-MEN-215,Pure Silk Lucknowi Kurta Pajama Set in Mustard Yellow,Men Ethnic - Kurta Pajama,Lucknowi Cotton Silk,Mustard Yellow,Custom Tailored Available,"4,219",Free Express Shipping Across India,"Fabric: Lucknowi Cotton Silk | Color: Mustard Yellow | Available Sizes: Custom Tailored Available | Price: INR 4,219 | Offer: Free Express Shipping Across India | Delivery: 3-5 Business Days"
VAS-MEN-216,Pure Silk Lucknowi Kurta Pajama Set in Ivory White,Men Ethnic - Kurta Pajama,Lucknowi Cotton Silk,Ivory White,"S, M, L, XL, XXL, 3XL","6,665",Free Express Shipping Across India,"Fabric: Lucknowi Cotton Silk | Color: Ivory White | Available Sizes: S, M, L, XL, XXL, 3XL | Price: INR 6,665 | Offer: Free Express Shipping Across India | Delivery: 3-5 Business Days"
VAS-MEN-217,Pure Silk Lucknowi Kurta Pajama Set in Wine Burgundy,Men Ethnic - Kurta Pajama,Lucknowi Cotton Silk,Wine Burgundy,Free Size (Semi-Stitched),"5,440",Free Express Shipping Across India,"Fabric: Lucknowi Cotton Silk | Color: Wine Burgundy | Available Sizes: Free Size (Semi-Stitched) | Price: INR 5,440 | Offer: Free Express Shipping Across India | Delivery: 3-5 Business Days"
VAS-MEN-218,Pure Silk Lucknowi Kurta Pajama Set in Teal Green,Men Ethnic - Kurta Pajama,Lucknowi Cotton Silk,Teal Green,"M, L, XL, XXL","6,691",Free Express Shipping Across India,"Fabric: Lucknowi Cotton Silk | Color: Teal Green | Available Sizes: M, L, XL, XXL | Price: INR 6,691 | Offer: Free Express Shipping Across India | Delivery: 3-5 Business Days"
VAS-MEN-219,Pure Silk Lucknowi Kurta Pajama Set in Gold Metallic,Men Ethnic - Kurta Pajama,Lucknowi Cotton Silk,Gold Metallic,"M, L, XL, XXL","3,649",Free Express Shipping Across India,"Fabric: Lucknowi Cotton Silk | Color: Gold Metallic | Available Sizes: M, L, XL, XXL | Price: INR 3,649 | Offer: Free Express Shipping Across India | Delivery: 3-5 Business Days"
VAS-MEN-220,Pure Silk Lucknowi Kurta Pajama Set in Navy Blue,Men Ethnic - Kurta Pajama,Lucknowi Cotton Silk,Navy Blue,Custom Tailored Available,"4,867",Free Express Shipping Across India,"Fabric: Lucknowi Cotton Silk | Color: Navy Blue | Available Sizes: Custom Tailored Available | Price: INR 4,867 | Offer: Free Express Shipping Across India | Delivery: 3-5 Business Days"
VAS-MEN-221,Jodhpuri Bandhgala Velvet Coat Suit in Maroon,Men Formal - Bandhgala,Velvet Wool Blend,Maroon,"M, L, XL, XXL","8,951",Free Express Shipping Across India,"Fabric: Velvet Wool Blend | Color: Maroon | Available Sizes: M, L, XL, XXL | Price: INR 8,951 | Offer: Free Express Shipping Across India | Delivery: 3-5 Business Days"
VAS-MEN-222,Jodhpuri Bandhgala Velvet Coat Suit in Pastel Pink,Men Formal - Bandhgala,Velvet Wool Blend,Pastel Pink,Free Size (Semi-Stitched),"9,325",Free Express Shipping Across India,"Fabric: Velvet Wool Blend | Color: Pastel Pink | Available Sizes: Free Size (Semi-Stitched) | Price: INR 9,325 | Offer: Free Express Shipping Across India | Delivery: 3-5 Business Days"
VAS-MEN-223,Jodhpuri Bandhgala Velvet Coat Suit in Emerald Green,Men Formal - Bandhgala,Velvet Wool Blend,Emerald Green,Free Size (Semi-Stitched),"22,088",Free Express Shipping Across India,"Fabric: Velvet Wool Blend | Color: Emerald Green | Available Sizes: Free Size (Semi-Stitched) | Price: INR 22,088 | Offer: Free Express Shipping Across India | Delivery: 3-5 Business Days"
VAS-MEN-224,Jodhpuri Bandhgala Velvet Coat Suit in Royal Blue,Men Formal - Bandhgala,Velvet Wool Blend,Royal Blue,Free Size (Semi-Stitched),"21,534",Free Express Shipping Across India,"Fabric: Velvet Wool Blend | Color: Royal Blue | Available Sizes: Free Size (Semi-Stitched) | Price: INR 21,534 | Offer: Free Express Shipping Across India | Delivery: 3-5 Business Days"
VAS-MEN-225,Jodhpuri Bandhgala Velvet Coat Suit in Mustard Yellow,Men Formal - Bandhgala,Velvet Wool Blend,Mustard Yellow,"S, M, L, XL, XXL, 3XL","19,993",Free Express Shipping Across India,"Fabric: Velvet Wool Blend | Color: Mustard Yellow | Available Sizes: S, M, L, XL, XXL, 3XL | Price: INR 19,993 | Offer: Free Express Shipping Across India | Delivery: 3-5 Business Days"
VAS-MEN-226,Jodhpuri Bandhgala Velvet Coat Suit in Ivory White,Men Formal - Bandhgala,Velvet Wool Blend,Ivory White,"XS, S, M, L, XL","16,675",Free Express Shipping Across India,"Fabric: Velvet Wool Blend | Color: Ivory White | Available Sizes: XS, S, M, L, XL | Price: INR 16,675 | Offer: Free Express Shipping Across India | Delivery: 3-5 Business Days"
VAS-MEN-227,Jodhpuri Bandhgala Velvet Coat Suit in Wine Burgundy,Men Formal - Bandhgala,Velvet Wool Blend,Wine Burgundy,Custom Tailored Available,"8,694",Free Express Shipping Across India,"Fabric: Velvet Wool Blend | Color: Wine Burgundy | Available Sizes: Custom Tailored Available | Price: INR 8,694 | Offer: Free Express Shipping Across India | Delivery: 3-5 Business Days"
VAS-MEN-228,Jodhpuri Bandhgala Velvet Coat Suit in Teal Green,Men Formal - Bandhgala,Velvet Wool Blend,Teal Green,"S, M, L, XL, XXL, 3XL","18,554",Free Express Shipping Across India,"Fabric: Velvet Wool Blend | Color: Teal Green | Available Sizes: S, M, L, XL, XXL, 3XL | Price: INR 18,554 | Offer: Free Express Shipping Across India | Delivery: 3-5 Business Days"
VAS-MEN-229,Jodhpuri Bandhgala Velvet Coat Suit in Gold Metallic,Men Formal - Bandhgala,Velvet Wool Blend,Gold Metallic,"M, L, XL, XXL","18,674",Free Express Shipping Across India,"Fabric: Velvet Wool Blend | Color: Gold Metallic | Available Sizes: M, L, XL, XXL | Price: INR 18,674 | Offer: Free Express Shipping Across India | Delivery: 3-5 Business Days"
VAS-MEN-230,Jodhpuri Bandhgala Velvet Coat Suit in Navy Blue,Men Formal - Bandhgala,Velvet Wool Blend,Navy Blue,Free Size (Semi-Stitched),"21,619",Free Express Shipping Across India,"Fabric: Velvet Wool Blend | Color: Navy Blue | Available Sizes: Free Size (Semi-Stitched) | Price: INR 21,619 | Offer: Free Express Shipping Across India | Delivery: 3-5 Business Days"
VAS-MEN-231,Printed Cotton Festive Casual Kurta in Maroon,Men Casual - Kurta,100% Cotton,Maroon,"XS, S, M, L, XL",945,Free Express Shipping Across India,"Fabric: 100% Cotton | Color: Maroon | Available Sizes: XS, S, M, L, XL | Price: INR 945 | Offer: Free Express Shipping Across India | Delivery: 3-5 Business Days"
VAS-MEN-232,Printed Cotton Festive Casual Kurta in Pastel Pink,Men Casual - Kurta,100% Cotton,Pastel Pink,Free Size (Semi-Stitched),934,Free Express Shipping Across India,Fabric: 100% Cotton | Color: Pastel Pink | Available Sizes: Free Size (Semi-Stitched) | Price: INR 934 | Offer: Free Express Shipping Across India | Delivery: 3-5 Business Days
VAS-MEN-233,Printed Cotton Festive Casual Kurta in Emerald Green,Men Casual - Kurta,100% Cotton,Emerald Green,"S, M, L, XL, XXL, 3XL","1,738",Free Express Shipping Across India,"Fabric: 100% Cotton | Color: Emerald Green | Available Sizes: S, M, L, XL, XXL, 3XL | Price: INR 1,738 | Offer: Free Express Shipping Across India | Delivery: 3-5 Business Days"
VAS-MEN-234,Printed Cotton Festive Casual Kurta in Royal Blue,Men Casual - Kurta,100% Cotton,Royal Blue,Free Size (Semi-Stitched),"1,631",Free Express Shipping Across India,"Fabric: 100% Cotton | Color: Royal Blue | Available Sizes: Free Size (Semi-Stitched) | Price: INR 1,631 | Offer: Free Express Shipping Across India | Delivery: 3-5 Business Days"
VAS-MEN-235,Printed Cotton Festive Casual Kurta in Mustard Yellow,Men Casual - Kurta,100% Cotton,Mustard Yellow,"XS, S, M, L, XL","1,553",Free Express Shipping Across India,"Fabric: 100% Cotton | Color: Mustard Yellow | Available Sizes: XS, S, M, L, XL | Price: INR 1,553 | Offer: Free Express Shipping Across India | Delivery: 3-5 Business Days"
VAS-MEN-236,Printed Cotton Festive Casual Kurta in Ivory White,Men Casual - Kurta,100% Cotton,Ivory White,Custom Tailored Available,"1,094",Free Express Shipping Across India,"Fabric: 100% Cotton | Color: Ivory White | Available Sizes: Custom Tailored Available | Price: INR 1,094 | Offer: Free Express Shipping Across India | Delivery: 3-5 Business Days"
VAS-MEN-237,Printed Cotton Festive Casual Kurta in Wine Burgundy,Men Casual - Kurta,100% Cotton,Wine Burgundy,"XS, S, M, L, XL",992,Free Express Shipping Across India,"Fabric: 100% Cotton | Color: Wine Burgundy | Available Sizes: XS, S, M, L, XL | Price: INR 992 | Offer: Free Express Shipping Across India | Delivery: 3-5 Business Days"
VAS-MEN-238,Printed Cotton Festive Casual Kurta in Teal Green,Men Casual - Kurta,100% Cotton,Teal Green,"XS, S, M, L, XL","1,531",Free Express Shipping Across India,"Fabric: 100% Cotton | Color: Teal Green | Available Sizes: XS, S, M, L, XL | Price: INR 1,531 | Offer: Free Express Shipping Across India | Delivery: 3-5 Business Days"
VAS-MEN-239,Printed Cotton Festive Casual Kurta in Gold Metallic,Men Casual - Kurta,100% Cotton,Gold Metallic,"S, M, L, XL, XXL, 3XL","1,744",Free Express Shipping Across India,"Fabric: 100% Cotton | Color: Gold Metallic | Available Sizes: S, M, L, XL, XXL, 3XL | Price: INR 1,744 | Offer: Free Express Shipping Across India | Delivery: 3-5 Business Days"
VAS-MEN-240,Printed Cotton Festive Casual Kurta in Navy Blue,Men Casual - Kurta,100% Cotton,Navy Blue,Custom Tailored Available,"1,535",Free Express Shipping Across India,"Fabric: 100% Cotton | Color: Navy Blue | Available Sizes: Custom Tailored Available | Price: INR 1,535 | Offer: Free Express Shipping Across India | Delivery: 3-5 Business Days"
VAS-MEN-241,Indo-Western Asymmetric Designer Kurta in Maroon,Men Ethnic - Indo Western,Raw Silk,Maroon,"XS, S, M, L, XL","5,367",Free Express Shipping Across India,"Fabric: Raw Silk | Color: Maroon | Available Sizes: XS, S, M, L, XL | Price: INR 5,367 | Offer: Free Express Shipping Across India | Delivery: 3-5 Business Days"
VAS-MEN-242,Indo-Western Asymmetric Designer Kurta in Pastel Pink,Men Ethnic - Indo Western,Raw Silk,Pastel Pink,Custom Tailored Available,"4,421",Free Express Shipping Across India,"Fabric: Raw Silk | Color: Pastel Pink | Available Sizes: Custom Tailored Available | Price: INR 4,421 | Offer: Free Express Shipping Across India | Delivery: 3-5 Business Days"
VAS-MEN-243,Indo-Western Asymmetric Designer Kurta in Emerald Green,Men Ethnic - Indo Western,Raw Silk,Emerald Green,"S, M, L, XL, XXL, 3XL","4,197",Free Express Shipping Across India,"Fabric: Raw Silk | Color: Emerald Green | Available Sizes: S, M, L, XL, XXL, 3XL | Price: INR 4,197 | Offer: Free Express Shipping Across India | Delivery: 3-5 Business Days"
VAS-MEN-244,Indo-Western Asymmetric Designer Kurta in Royal Blue,Men Ethnic - Indo Western,Raw Silk,Royal Blue,Custom Tailored Available,"7,930",Free Express Shipping Across India,"Fabric: Raw Silk | Color: Royal Blue | Available Sizes: Custom Tailored Available | Price: INR 7,930 | Offer: Free Express Shipping Across India | Delivery: 3-5 Business Days"
VAS-MEN-245,Indo-Western Asymmetric Designer Kurta in Mustard Yellow,Men Ethnic - Indo Western,Raw Silk,Mustard Yellow,"XS, S, M, L, XL","5,946",Free Express Shipping Across India,"Fabric: Raw Silk | Color: Mustard Yellow | Available Sizes: XS, S, M, L, XL | Price: INR 5,946 | Offer: Free Express Shipping Across India | Delivery: 3-5 Business Days"
VAS-MEN-246,Indo-Western Asymmetric Designer Kurta in Ivory White,Men Ethnic - Indo Western,Raw Silk,Ivory White,"S, M, L, XL, XXL, 3XL","6,285",Free Express Shipping Across India,"Fabric: Raw Silk | Color: Ivory White | Available Sizes: S, M, L, XL, XXL, 3XL | Price: INR 6,285 | Offer: Free Express Shipping Across India | Delivery: 3-5 Business Days"
VAS-MEN-247,Indo-Western Asymmetric Designer Kurta in Wine Burgundy,Men Ethnic - Indo Western,Raw Silk,Wine Burgundy,"M, L, XL, XXL","7,627",Free Express Shipping Across India,"Fabric: Raw Silk | Color: Wine Burgundy | Available Sizes: M, L, XL, XXL | Price: INR 7,627 | Offer: Free Express Shipping Across India | Delivery: 3-5 Business Days"
VAS-MEN-248,Indo-Western Asymmetric Designer Kurta in Teal Green,Men Ethnic - Indo Western,Raw Silk,Teal Green,"XS, S, M, L, XL","6,685",Free Express Shipping Across India,"Fabric: Raw Silk | Color: Teal Green | Available Sizes: XS, S, M, L, XL | Price: INR 6,685 | Offer: Free Express Shipping Across India | Delivery: 3-5 Business Days"
VAS-MEN-249,Indo-Western Asymmetric Designer Kurta in Gold Metallic,Men Ethnic - Indo Western,Raw Silk,Gold Metallic,"XS, S, M, L, XL","3,700",Free Express Shipping Across India,"Fabric: Raw Silk | Color: Gold Metallic | Available Sizes: XS, S, M, L, XL | Price: INR 3,700 | Offer: Free Express Shipping Across India | Delivery: 3-5 Business Days"
VAS-MEN-250,Indo-Western Asymmetric Designer Kurta in Navy Blue,Men Ethnic - Indo Western,Raw Silk,Navy Blue,"S, M, L, XL, XXL, 3XL","3,698",Free Express Shipping Across India,"Fabric: Raw Silk | Color: Navy Blue | Available Sizes: S, M, L, XL, XXL, 3XL | Price: INR 3,698 | Offer: Free Express Shipping Across India | Delivery: 3-5 Business Days"
VAS-MEN-251,Jacquard Silk Festive Nehru Jacket in Maroon,Men Ethnic - Nehru Jacket,Jacquard Silk,Maroon,Free Size (Semi-Stitched),"2,631",Free Express Shipping Across India,"Fabric: Jacquard Silk | Color: Maroon | Available Sizes: Free Size (Semi-Stitched) | Price: INR 2,631 | Offer: Free Express Shipping Across India | Delivery: 3-5 Business Days"
VAS-MEN-252,Jacquard Silk Festive Nehru Jacket in Pastel Pink,Men Ethnic - Nehru Jacket,Jacquard Silk,Pastel Pink,"M, L, XL, XXL","2,812",Free Express Shipping Across India,"Fabric: Jacquard Silk | Color: Pastel Pink | Available Sizes: M, L, XL, XXL | Price: INR 2,812 | Offer: Free Express Shipping Across India | Delivery: 3-5 Business Days"
VAS-MEN-253,Jacquard Silk Festive Nehru Jacket in Emerald Green,Men Ethnic - Nehru Jacket,Jacquard Silk,Emerald Green,Free Size (Semi-Stitched),"1,884",Free Express Shipping Across India,"Fabric: Jacquard Silk | Color: Emerald Green | Available Sizes: Free Size (Semi-Stitched) | Price: INR 1,884 | Offer: Free Express Shipping Across India | Delivery: 3-5 Business Days"
VAS-MEN-254,Jacquard Silk Festive Nehru Jacket in Royal Blue,Men Ethnic - Nehru Jacket,Jacquard Silk,Royal Blue,Free Size (Semi-Stitched),"3,647",Free Express Shipping Across India,"Fabric: Jacquard Silk | Color: Royal Blue | Available Sizes: Free Size (Semi-Stitched) | Price: INR 3,647 | Offer: Free Express Shipping Across India | Delivery: 3-5 Business Days"
VAS-MEN-255,Jacquard Silk Festive Nehru Jacket in Mustard Yellow,Men Ethnic - Nehru Jacket,Jacquard Silk,Mustard Yellow,Free Size (Semi-Stitched),"3,840",Free Express Shipping Across India,"Fabric: Jacquard Silk | Color: Mustard Yellow | Available Sizes: Free Size (Semi-Stitched) | Price: INR 3,840 | Offer: Free Express Shipping Across India | Delivery: 3-5 Business Days"
VAS-MEN-256,Jacquard Silk Festive Nehru Jacket in Ivory White,Men Ethnic - Nehru Jacket,Jacquard Silk,Ivory White,"S, M, L, XL, XXL, 3XL","2,567",Free Express Shipping Across India,"Fabric: Jacquard Silk | Color: Ivory White | Available Sizes: S, M, L, XL, XXL, 3XL | Price: INR 2,567 | Offer: Free Express Shipping Across India | Delivery: 3-5 Business Days"
VAS-MEN-257,Jacquard Silk Festive Nehru Jacket in Wine Burgundy,Men Ethnic - Nehru Jacket,Jacquard Silk,Wine Burgundy,"M, L, XL, XXL","1,572",Free Express Shipping Across India,"Fabric: Jacquard Silk | Color: Wine Burgundy | Available Sizes: M, L, XL, XXL | Price: INR 1,572 | Offer: Free Express Shipping Across India | Delivery: 3-5 Business Days"
VAS-MEN-258,Jacquard Silk Festive Nehru Jacket in Teal Green,Men Ethnic - Nehru Jacket,Jacquard Silk,Teal Green,"S, M, L, XL, XXL, 3XL","3,915",Free Express Shipping Across India,"Fabric: Jacquard Silk | Color: Teal Green | Available Sizes: S, M, L, XL, XXL, 3XL | Price: INR 3,915 | Offer: Free Express Shipping Across India | Delivery: 3-5 Business Days"
VAS-MEN-259,Jacquard Silk Festive Nehru Jacket in Gold Metallic,Men Ethnic - Nehru Jacket,Jacquard Silk,Gold Metallic,"XS, S, M, L, XL","2,208",Free Express Shipping Across India,"Fabric: Jacquard Silk | Color: Gold Metallic | Available Sizes: XS, S, M, L, XL | Price: INR 2,208 | Offer: Free Express Shipping Across India | Delivery: 3-5 Business Days"
VAS-MEN-260,Jacquard Silk Festive Nehru Jacket in Navy Blue,Men Ethnic - Nehru Jacket,Jacquard Silk,Navy Blue,"M, L, XL, XXL","3,736",Free Express Shipping Across India,"Fabric: Jacquard Silk | Color: Navy Blue | Available Sizes: M, L, XL, XXL | Price: INR 3,736 | Offer: Free Express Shipping Across India | Delivery: 3-5 Business Days"
VAS-MEN-261,Italian Wool Blend 3-Piece Tuxedo Suit in Maroon,Men Western - Formal Suit,Italian Wool Blend,Maroon,Free Size (Semi-Stitched),"21,312",Free Express Shipping Across India,"Fabric: Italian Wool Blend | Color: Maroon | Available Sizes: Free Size (Semi-Stitched) | Price: INR 21,312 | Offer: Free Express Shipping Across India | Delivery: 3-5 Business Days"
VAS-MEN-262,Italian Wool Blend 3-Piece Tuxedo Suit in Pastel Pink,Men Western - Formal Suit,Italian Wool Blend,Pastel Pink,Custom Tailored Available,"29,108",Free Express Shipping Across India,"Fabric: Italian Wool Blend | Color: Pastel Pink | Available Sizes: Custom Tailored Available | Price: INR 29,108 | Offer: Free Express Shipping Across India | Delivery: 3-5 Business Days"
VAS-MEN-263,Italian Wool Blend 3-Piece Tuxedo Suit in Emerald Green,Men Western - Formal Suit,Italian Wool Blend,Emerald Green,"M, L, XL, XXL","19,715",Free Express Shipping Across India,"Fabric: Italian Wool Blend | Color: Emerald Green | Available Sizes: M, L, XL, XXL | Price: INR 19,715 | Offer: Free Express Shipping Across India | Delivery: 3-5 Business Days"
VAS-MEN-264,Italian Wool Blend 3-Piece Tuxedo Suit in Royal Blue,Men Western - Formal Suit,Italian Wool Blend,Royal Blue,Free Size (Semi-Stitched),"34,394",Free Express Shipping Across India,"Fabric: Italian Wool Blend | Color: Royal Blue | Available Sizes: Free Size (Semi-Stitched) | Price: INR 34,394 | Offer: Free Express Shipping Across India | Delivery: 3-5 Business Days"
VAS-MEN-265,Italian Wool Blend 3-Piece Tuxedo Suit in Mustard Yellow,Men Western - Formal Suit,Italian Wool Blend,Mustard Yellow,Free Size (Semi-Stitched),"18,572",Free Express Shipping Across India,"Fabric: Italian Wool Blend | Color: Mustard Yellow | Available Sizes: Free Size (Semi-Stitched) | Price: INR 18,572 | Offer: Free Express Shipping Across India | Delivery: 3-5 Business Days"
VAS-MEN-266,Italian Wool Blend 3-Piece Tuxedo Suit in Ivory White,Men Western - Formal Suit,Italian Wool Blend,Ivory White,Custom Tailored Available,"30,713",Free Express Shipping Across India,"Fabric: Italian Wool Blend | Color: Ivory White | Available Sizes: Custom Tailored Available | Price: INR 30,713 | Offer: Free Express Shipping Across India | Delivery: 3-5 Business Days"
VAS-MEN-267,Italian Wool Blend 3-Piece Tuxedo Suit in Wine Burgundy,Men Western - Formal Suit,Italian Wool Blend,Wine Burgundy,Free Size (Semi-Stitched),"13,815",Free Express Shipping Across India,"Fabric: Italian Wool Blend | Color: Wine Burgundy | Available Sizes: Free Size (Semi-Stitched) | Price: INR 13,815 | Offer: Free Express Shipping Across India | Delivery: 3-5 Business Days"
VAS-MEN-268,Italian Wool Blend 3-Piece Tuxedo Suit in Teal Green,Men Western - Formal Suit,Italian Wool Blend,Teal Green,Free Size (Semi-Stitched),"20,263",Free Express Shipping Across India,"Fabric: Italian Wool Blend | Color: Teal Green | Available Sizes: Free Size (Semi-Stitched) | Price: INR 20,263 | Offer: Free Express Shipping Across India | Delivery: 3-5 Business Days"
VAS-MEN-269,Italian Wool Blend 3-Piece Tuxedo Suit in Gold Metallic,Men Western - Formal Suit,Italian Wool Blend,Gold Metallic,"S, M, L, XL, XXL, 3XL","15,932",Free Express Shipping Across India,"Fabric: Italian Wool Blend | Color: Gold Metallic | Available Sizes: S, M, L, XL, XXL, 3XL | Price: INR 15,932 | Offer: Free Express Shipping Across India | Delivery: 3-5 Business Days"
VAS-MEN-270,Italian Wool Blend 3-Piece Tuxedo Suit in Navy Blue,Men Western - Formal Suit,Italian Wool Blend,Navy Blue,"XS, S, M, L, XL","14,732",Free Express Shipping Across India,"Fabric: Italian Wool Blend | Color: Navy Blue | Available Sizes: XS, S, M, L, XL | Price: INR 14,732 | Offer: Free Express Shipping Across India | Delivery: 3-5 Business Days"
VAS-MEN-271,Egyptian Cotton Slim Fit Formal Shirt in Maroon,Men Western - Formal Shirt,Egyptian Giza Cotton,Maroon,"XS, S, M, L, XL","2,250",Free Express Shipping Across India,"Fabric: Egyptian Giza Cotton | Color: Maroon | Available Sizes: XS, S, M, L, XL | Price: INR 2,250 | Offer: Free Express Shipping Across India | Delivery: 3-5 Business Days"
VAS-MEN-272,Egyptian Cotton Slim Fit Formal Shirt in Pastel Pink,Men Western - Formal Shirt,Egyptian Giza Cotton,Pastel Pink,"S, M, L, XL, XXL, 3XL","1,885",Free Express Shipping Across India,"Fabric: Egyptian Giza Cotton | Color: Pastel Pink | Available Sizes: S, M, L, XL, XXL, 3XL | Price: INR 1,885 | Offer: Free Express Shipping Across India | Delivery: 3-5 Business Days"
VAS-MEN-273,Egyptian Cotton Slim Fit Formal Shirt in Emerald Green,Men Western - Formal Shirt,Egyptian Giza Cotton,Emerald Green,Free Size (Semi-Stitched),"1,677",Free Express Shipping Across India,"Fabric: Egyptian Giza Cotton | Color: Emerald Green | Available Sizes: Free Size (Semi-Stitched) | Price: INR 1,677 | Offer: Free Express Shipping Across India | Delivery: 3-5 Business Days"
VAS-MEN-274,Egyptian Cotton Slim Fit Formal Shirt in Royal Blue,Men Western - Formal Shirt,Egyptian Giza Cotton,Royal Blue,Free Size (Semi-Stitched),"2,296",Free Express Shipping Across India,"Fabric: Egyptian Giza Cotton | Color: Royal Blue | Available Sizes: Free Size (Semi-Stitched) | Price: INR 2,296 | Offer: Free Express Shipping Across India | Delivery: 3-5 Business Days"
VAS-MEN-275,Egyptian Cotton Slim Fit Formal Shirt in Mustard Yellow,Men Western - Formal Shirt,Egyptian Giza Cotton,Mustard Yellow,"XS, S, M, L, XL","2,359",Free Express Shipping Across India,"Fabric: Egyptian Giza Cotton | Color: Mustard Yellow | Available Sizes: XS, S, M, L, XL | Price: INR 2,359 | Offer: Free Express Shipping Across India | Delivery: 3-5 Business Days"
VAS-MEN-276,Egyptian Cotton Slim Fit Formal Shirt in Ivory White,Men Western - Formal Shirt,Egyptian Giza Cotton,Ivory White,"XS, S, M, L, XL","1,679",Free Express Shipping Across India,"Fabric: Egyptian Giza Cotton | Color: Ivory White | Available Sizes: XS, S, M, L, XL | Price: INR 1,679 | Offer: Free Express Shipping Across India | Delivery: 3-5 Business Days"
VAS-MEN-277,Egyptian Cotton Slim Fit Formal Shirt in Wine Burgundy,Men Western - Formal Shirt,Egyptian Giza Cotton,Wine Burgundy,"S, M, L, XL, XXL, 3XL","2,286",Free Express Shipping Across India,"Fabric: Egyptian Giza Cotton | Color: Wine Burgundy | Available Sizes: S, M, L, XL, XXL, 3XL | Price: INR 2,286 | Offer: Free Express Shipping Across India | Delivery: 3-5 Business Days"
VAS-MEN-278,Egyptian Cotton Slim Fit Formal Shirt in Teal Green,Men Western - Formal Shirt,Egyptian Giza Cotton,Teal Green,"S, M, L, XL, XXL, 3XL","2,705",Free Express Shipping Across India,"Fabric: Egyptian Giza Cotton | Color: Teal Green | Available Sizes: S, M, L, XL, XXL, 3XL | Price: INR 2,705 | Offer: Free Express Shipping Across India | Delivery: 3-5 Business Days"
VAS-MEN-279,Egyptian Cotton Slim Fit Formal Shirt in Gold Metallic,Men Western - Formal Shirt,Egyptian Giza Cotton,Gold Metallic,Custom Tailored Available,"2,638",Free Express Shipping Across India,"Fabric: Egyptian Giza Cotton | Color: Gold Metallic | Available Sizes: Custom Tailored Available | Price: INR 2,638 | Offer: Free Express Shipping Across India | Delivery: 3-5 Business Days"
VAS-MEN-280,Egyptian Cotton Slim Fit Formal Shirt in Navy Blue,Men Western - Formal Shirt,Egyptian Giza Cotton,Navy Blue,"XS, S, M, L, XL","1,715",Free Express Shipping Across India,"Fabric: Egyptian Giza Cotton | Color: Navy Blue | Available Sizes: XS, S, M, L, XL | Price: INR 1,715 | Offer: Free Express Shipping Across India | Delivery: 3-5 Business Days"
VAS-MEN-281,Casual Linen Breathable Summer Shirt in Maroon,Men Western - Casual Shirt,100% Pure Linen,Maroon,Free Size (Semi-Stitched),"1,576",Free Express Shipping Across India,"Fabric: 100% Pure Linen | Color: Maroon | Available Sizes: Free Size (Semi-Stitched) | Price: INR 1,576 | Offer: Free Express Shipping Across India | Delivery: 3-5 Business Days"
VAS-MEN-282,Casual Linen Breathable Summer Shirt in Pastel Pink,Men Western - Casual Shirt,100% Pure Linen,Pastel Pink,Custom Tailored Available,"1,745",Free Express Shipping Across India,"Fabric: 100% Pure Linen | Color: Pastel Pink | Available Sizes: Custom Tailored Available | Price: INR 1,745 | Offer: Free Express Shipping Across India | Delivery: 3-5 Business Days"
VAS-MEN-283,Casual Linen Breathable Summer Shirt in Emerald Green,Men Western - Casual Shirt,100% Pure Linen,Emerald Green,"S, M, L, XL, XXL, 3XL","3,068",Free Express Shipping Across India,"Fabric: 100% Pure Linen | Color: Emerald Green | Available Sizes: S, M, L, XL, XXL, 3XL | Price: INR 3,068 | Offer: Free Express Shipping Across India | Delivery: 3-5 Business Days"
VAS-MEN-284,Casual Linen Breathable Summer Shirt in Royal Blue,Men Western - Casual Shirt,100% Pure Linen,Royal Blue,Custom Tailored Available,"3,088",Free Express Shipping Across India,"Fabric: 100% Pure Linen | Color: Royal Blue | Available Sizes: Custom Tailored Available | Price: INR 3,088 | Offer: Free Express Shipping Across India | Delivery: 3-5 Business Days"
VAS-MEN-285,Casual Linen Breathable Summer Shirt in Mustard Yellow,Men Western - Casual Shirt,100% Pure Linen,Mustard Yellow,"S, M, L, XL, XXL, 3XL","3,150",Free Express Shipping Across India,"Fabric: 100% Pure Linen | Color: Mustard Yellow | Available Sizes: S, M, L, XL, XXL, 3XL | Price: INR 3,150 | Offer: Free Express Shipping Across India | Delivery: 3-5 Business Days"
VAS-MEN-286,Casual Linen Breathable Summer Shirt in Ivory White,Men Western - Casual Shirt,100% Pure Linen,Ivory White,"XS, S, M, L, XL","2,190",Free Express Shipping Across India,"Fabric: 100% Pure Linen | Color: Ivory White | Available Sizes: XS, S, M, L, XL | Price: INR 2,190 | Offer: Free Express Shipping Across India | Delivery: 3-5 Business Days"
VAS-MEN-287,Casual Linen Breathable Summer Shirt in Wine Burgundy,Men Western - Casual Shirt,100% Pure Linen,Wine Burgundy,Custom Tailored Available,"2,034",Free Express Shipping Across India,"Fabric: 100% Pure Linen | Color: Wine Burgundy | Available Sizes: Custom Tailored Available | Price: INR 2,034 | Offer: Free Express Shipping Across India | Delivery: 3-5 Business Days"
VAS-MEN-288,Casual Linen Breathable Summer Shirt in Teal Green,Men Western - Casual Shirt,100% Pure Linen,Teal Green,"M, L, XL, XXL","1,946",Free Express Shipping Across India,"Fabric: 100% Pure Linen | Color: Teal Green | Available Sizes: M, L, XL, XXL | Price: INR 1,946 | Offer: Free Express Shipping Across India | Delivery: 3-5 Business Days"
VAS-MEN-289,Casual Linen Breathable Summer Shirt in Gold Metallic,Men Western - Casual Shirt,100% Pure Linen,Gold Metallic,"XS, S, M, L, XL","2,306",Free Express Shipping Across India,"Fabric: 100% Pure Linen | Color: Gold Metallic | Available Sizes: XS, S, M, L, XL | Price: INR 2,306 | Offer: Free Express Shipping Across India | Delivery: 3-5 Business Days"
VAS-MEN-290,Casual Linen Breathable Summer Shirt in Navy Blue,Men Western - Casual Shirt,100% Pure Linen,Navy Blue,Custom Tailored Available,"3,367",Free Express Shipping Across India,"Fabric: 100% Pure Linen | Color: Navy Blue | Available Sizes: Custom Tailored Available | Price: INR 3,367 | Offer: Free Express Shipping Across India | Delivery: 3-5 Business Days"
VAS-MEN-291,Raw Denim Stretch Tapered Jeans in Maroon,Men Western - Jeans,Heavyweight Denim,Maroon,"XS, S, M, L, XL","1,574",Free Express Shipping Across India,"Fabric: Heavyweight Denim | Color: Maroon | Available Sizes: XS, S, M, L, XL | Price: INR 1,574 | Offer: Free Express Shipping Across India | Delivery: 3-5 Business Days"
VAS-MEN-292,Raw Denim Stretch Tapered Jeans in Pastel Pink,Men Western - Jeans,Heavyweight Denim,Pastel Pink,"S, M, L, XL, XXL, 3XL","1,644",Free Express Shipping Across India,"Fabric: Heavyweight Denim | Color: Pastel Pink | Available Sizes: S, M, L, XL, XXL, 3XL | Price: INR 1,644 | Offer: Free Express Shipping Across India | Delivery: 3-5 Business Days"
VAS-MEN-293,Raw Denim Stretch Tapered Jeans in Emerald Green,Men Western - Jeans,Heavyweight Denim,Emerald Green,"XS, S, M, L, XL","1,258",Free Express Shipping Across India,"Fabric: Heavyweight Denim | Color: Emerald Green | Available Sizes: XS, S, M, L, XL | Price: INR 1,258 | Offer: Free Express Shipping Across India | Delivery: 3-5 Business Days"
VAS-MEN-294,Raw Denim Stretch Tapered Jeans in Royal Blue,Men Western - Jeans,Heavyweight Denim,Royal Blue,"S, M, L, XL, XXL, 3XL","1,463",Free Express Shipping Across India,"Fabric: Heavyweight Denim | Color: Royal Blue | Available Sizes: S, M, L, XL, XXL, 3XL | Price: INR 1,463 | Offer: Free Express Shipping Across India | Delivery: 3-5 Business Days"
VAS-MEN-295,Raw Denim Stretch Tapered Jeans in Mustard Yellow,Men Western - Jeans,Heavyweight Denim,Mustard Yellow,"XS, S, M, L, XL","1,496",Free Express Shipping Across India,"Fabric: Heavyweight Denim | Color: Mustard Yellow | Available Sizes: XS, S, M, L, XL | Price: INR 1,496 | Offer: Free Express Shipping Across India | Delivery: 3-5 Business Days"
VAS-MEN-296,Raw Denim Stretch Tapered Jeans in Ivory White,Men Western - Jeans,Heavyweight Denim,Ivory White,"S, M, L, XL, XXL, 3XL","2,389",Free Express Shipping Across India,"Fabric: Heavyweight Denim | Color: Ivory White | Available Sizes: S, M, L, XL, XXL, 3XL | Price: INR 2,389 | Offer: Free Express Shipping Across India | Delivery: 3-5 Business Days"
VAS-MEN-297,Raw Denim Stretch Tapered Jeans in Wine Burgundy,Men Western - Jeans,Heavyweight Denim,Wine Burgundy,Custom Tailored Available,"1,408",Free Express Shipping Across India,"Fabric: Heavyweight Denim | Color: Wine Burgundy | Available Sizes: Custom Tailored Available | Price: INR 1,408 | Offer: Free Express Shipping Across India | Delivery: 3-5 Business Days"
VAS-MEN-298,Raw Denim Stretch Tapered Jeans in Teal Green,Men Western - Jeans,Heavyweight Denim,Teal Green,Free Size (Semi-Stitched),"2,096",Free Express Shipping Across India,"Fabric: Heavyweight Denim | Color: Teal Green | Available Sizes: Free Size (Semi-Stitched) | Price: INR 2,096 | Offer: Free Express Shipping Across India | Delivery: 3-5 Business Days"
VAS-MEN-299,Raw Denim Stretch Tapered Jeans in Gold Metallic,Men Western - Jeans,Heavyweight Denim,Gold Metallic,"S, M, L, XL, XXL, 3XL","1,365",Free Express Shipping Across India,"Fabric: Heavyweight Denim | Color: Gold Metallic | Available Sizes: S, M, L, XL, XXL, 3XL | Price: INR 1,365 | Offer: Free Express Shipping Across India | Delivery: 3-5 Business Days"
VAS-MEN-300,Raw Denim Stretch Tapered Jeans in Navy Blue,Men Western - Jeans,Heavyweight Denim,Navy Blue,Free Size (Semi-Stitched),"2,752",Free Express Shipping Across India,"Fabric: Heavyweight Denim | Color: Navy Blue | Available Sizes: Free Size (Semi-Stitched) | Price: INR 2,752 | Offer: Free Express Shipping Across India | Delivery: 3-5 Business Days"
